민원일자,민원위치,민원내용,위도,경도
2018-01-06,전라북도 군산시 임피면 영창리 831-2번지 일원 (지방도 718호선),지방도 718호선 대령마을 부근 가상과속방지턱 설치 관련 진행상황 요청,35.971774,126.8770854
2018-01-09,전라북도 고창군 해리면 고성리 일원 (국지도15호선),회전교차로(송산교차로)설치 요청 건 진행사항 문의,35.4463684,126.5532242
2018-02-18,전라북도 순창군 유등면 창신리 272-9번지 일원 (지방도 730호선),과속방지턱 설치요청,35.3659688,127.1602037
2018-04-05,전라북도 무주군 적상면 북창리 산 22-1(지방도 727호선),주유소 앞 도로 파임으로 통행차량 안전사고 위험,35.9771719,127.7027465
2018-04-07,전라북도 익산시 황등면 동연리 646-5,황등농기계 앞 도로 포터홀 2개소,36.0004141,126.9293167
2018-04-09,전라북도 완주군 동상면 대아리 산1-5 (지방도 722호선),도로에 구멍이 있어 위험해 보임,35.9776451,127.2812359
2018-04-10,전라북도 진안군 성수면 신기리 258-2 (지방도 721호선),도로절개하고 배수암거를 매립한 후 노면 복구를 하였으나 침하로 단차가 심하여 차량파손 및 눈 비올 때 차가 미끄러지고 조향장치 파손이 우려됨,35.6733629,127.3224692
2018-04-25,전라북도 익산시 망성면 신작리 512-3 (지방도799)외 8건,도로보수 요청,36.1371301,127.0204483
2018-05-04,전라북도 고창군 고창읍 주곡리 369-3 (국지도 15호선),교통사고 발생에 따른 회전교차로 설치 요청,35.4351808,126.6725371
2018-05-18,전라북도 임실군 신덕면 신흥리 380-1외 2건,도로보수 요청,35.6742347,127.1607964
2018-05-28,전라북도 남원시 주천면 호기리 (지방도730호선),도로함몰,35.3970225,127.4292002
2018-07-20,전라북도 완주군 삼례읍 삼례리 898-1 (지방도 799호선),도로보수 요청,35.9116181,127.0747058
2018-07-31,전라북도 고창군 성내면 신성리 167-3번지 일원 (지방도 747호선),과속방지턱 설치요청,35.5439802,126.7401302
2018-08-06,전라북도 완주군 상관면 신리 723-9번지 일원 (지방도 749호선),과속방지턱 설치요청,35.7658041,127.20462
2018-08-10,전라북도 익산시 함열읍 석매리 147-2번지 일원 (지방도 723호선),과속방지턱 제거요청,36.0430506,126.9655197
2018-08-14,전라북도 부안군 상서면 용서리 219번지 일원 (지방도 736호선),과속방지턱 설치요청,35.6916521,126.67674
2018-09-08,전라북도 남원시 산내면 대정리 630-4,도로보수 요청,35.4212651,127.6269028
2018-09-28,전라북도 완주군 봉동로 644 일원 (지방도 799호선),포트홀 사고로 인한 국가배상신청 및 보험처리 가능여부 회신,35.9670581,127.1289216
2018-10-10,"김제 만경, 김제 청하 (지방도 711, 712호선 일부구간)",도로파손으로 인한 보수요청,35.8036079,126.8808872
2018-10-29,"전라북도 익산시 웅포면 송청리 70-3, 21-16 (지방도 724호선)",도로보수 요청,36.064414,126.8769122
2018-11-05,전라북도 완주군 비봉면 소농리 용동마을 일원 (지방도 741호선),포트홀로 인한 차량 파손 보상 요청,35.980684,127.15537
2018-11-22,전라북도 군산시 옥서면 옥봉리 1338-1 구호촌 회전교차로 (지방도 709호선),회전교차로 반사경 등 고장으로 야간사고 위험,35.9170246,126.6436604
2018-12-02,전라북도 익산시 황등면 신기리 746-1번지 일원 (지방도 722호선),과속방지턱 개선요청,36.001244,126.9200419
2019-01-03,전라북도 익산시 망성면 장선리 136-1,망성초등학교 앞 도로가 파손되고 침하되어 우천시 물이 고이며 동절기 주변 도로 결빙되어 교통사고 발생 우려로 아스콘 포장 요청,36.1209452,127.0294961
2019-01-17,전라북도 완주군 화산면 종리 800번지 일원,과속방지턱 설치요청,36.0010057,127.2265967
2019-01-17,전라북도 임실군 삼계면 후천리 559-4번지 일원,과속방지턱 설치요청,35.4874159,127.2657403
2019-02-25,전라북도 익산시 함라면 다망리 1481-1 (지방도 722호선),도로보수 요청,36.0026088,126.9181754
2019-03-29,전라북도 군산시 옥서면 옥봉리 1314-1 (지방도 709호선),"도로에 인도, 과속방지턱이 없어 사고예방을 위한 설치요청",35.9239115,126.6429079
2019-04-02,"전라북도 완주군 동상면 동상주천로 566, 518",과속차량으로 인한 사고위험이 있어 과속방지턱 설치요청,35.9350385,127.3323356
2019-04-20,전라북도 군산시 나포면 옥곤리 912-5 (하구식당 인근),과속방지턱 설치요청,36.0327347,126.8327873
2019-04-20,전라북도 군산시 옥서면 선연리 2145-1번지 일원,"과속방지턱 보수요청(도색벗겨짐, 방지턱 높이)",35.9234517,126.6298743
2019-04-20,전라북도 정읍시 신태인읍 신태인리 152-8 (신태인 전통시장 인근),과속방지턱 설치요청,35.6858442,126.8870845
2019-05-13,전라북도 김제시 금산면 청도리 유각마을 인근,"속도저감시설(과속방지턱, 과속카메라 등) 설치요청",35.7369164,127.0442558
2019-05-29,전라북도 부안군 상서면 장동리 719 인근 (고인돌농원),과속방지턱 설치일정 문의,35.6994672,126.6702057
2019-07-03,전라북도 부안군 부안읍 석정로 262,회전교차로 설치 제안(부안군 부안읍 시내버스터미널사거리),35.7294081,126.7364213
2019-07-12,전라북도 남원시 보절면 괴양리 829-2 (지방도 721호선),교통안전표지판(과속방지턱) 보수 요청,35.4889216,127.4021775
2019-07-18,"전라북도 부안군 부안읍 선은리 674-1, 부안읍 봉덕리 574-79(시내버스터미널사거리)",도로균열 및 도로파손 보수요청,35.726995,126.736856
2019-07-18,청하면 행정복지센터 ~ 군산 방향 (지방도 711호선 일부 구간),포트홀 및 과속방지턱 보수 요청,35.9676772,126.7366293
2019-07-18,국립축산과학원 앞 (지방도 716호선 일부 구간),도로 노면 파손으로 인한 보수요청,35.8240874,127.0609753
2019-07-23,완주 봉동 ~ 익산방향 (지방도 799호선 일부 구간),도로파손으로 인한 보수요청,35.9369713,127.1621328
2019-07-30,전라북도 임실군 강진면 갈담리 582 (지방도717호선),포트홀 보수요청,35.5260488,127.1617047
2019-08-05,"전라북도 정읍시 이평면 두지리 산57 (지방도705, 이평주유소 앞)",포트홀 보수요청,35.6529022,126.8394735
2019-08-05,전라북도 완주군 이서면 금평리 820 인근 (지방도 716호선),도로 노면 파손으로 인한 보수요청,35.8186187,127.0571039
2019-08-07,전라북도 전주시 덕진구 중동 838-1 (지방도 716호선 일부 구간),도로파임 현상으로 인한 사고위험이 있어 보수요청,35.8293872,127.1343073
2019-08-07,전라북도 완주군 이서면 금평리 808-30 (지방도 716호선 일부 구간),아스팔트 도로불량으로 인한 보수 요청,35.8186187,127.0571039
2019-08-07,전라북도 완주군 이서면 금평리 820 (지방도 716호선 일부 구간),도로패임으로 인한 보수 요청,35.8186187,127.0571039
2019-08-07,전라북도 전주시 덕진구 중동 838-1 (지방도 716호선 일부 구간),아스팔트 도로 파손으로인한 보수요청,35.8329444,127.0621134
2019-08-08,전라북도 익산시 금마면 동고도리 99-4 (금마교차로 ~ 지방도 722호선),포트홀 보수요청,35.9873728,127.0571165
2019-08-08,전라북도 덕진구 중동 838-1 (지방도 716호선 일부 구간),도로표면 상태 불량으로 사고위험이 있어 보수 요청,35.8293872,127.1343073
2019-08-08,전라북도 완주군 이서면 갈산리 703 (지방도 716호선 일부 구간),도로표면 상태 불량으로 사고위험이 있어 보수요청,35.8372246,127.0467971
2019-08-16,완주 봉동 ~ 익산ic 방향(sk주유소 인근),도로요철로 인한 사고위험이 있어 보수요청,35.9892001,127.0835856
2019-08-20,전라북도 김제시 황산면 남산리 (지방도 712호선 일부 구간),포트홀 보수 요청,35.7713608,126.968976
2019-08-27,전라북도 김제시 청하면 장산리 762-8 (지방도 711호선 일부 구간),포트홀 보수요청,35.8908188,126.8330652
2019-08-29,전라북도 순창군 풍산면 유정리 728 (지방도 730호선 일부 구간),도로파손으로 인한 보수요청,35.3209799,127.1212369
2019-09-17,전라북도 완주군 이서면 용서리 124-3 (지방도 716호선 일부 구간),도로 노면상태불량에 따른 보수요청,35.820582,127.0158244
2019-09-17,전라북도 순창군 구림면 주민자치센터 앞 (지방도 729호선 일부 구간),포트홀 보수요청,35.4529885,127.1023401
2019-09-19,전라북도 김제시 성덕면 대석리 218-20 (지방도 711호선 일부 구간),포트홀 보수요청,35.8013979,126.8052709
2019-09-24,전라북도 완주시 이서지구 덧씌우기 사업구간 내 (지방도 716호선),도로포장 공사로 인한 교통 병목현상 불편 호소,35.891275,127.253895
2019-09-25,전라북도 김제시 용지면 부교리 일원 (지방도 716호선 일부 구간),도로파손으로 인한 보수요청,35.8221536,126.9850007
2019-10-17,전라북도 김제시 용지면 부교리일원 (지방도 716호선 일부구간),도로파손으로 인한 보수요청,35.8221536,126.9850007
2019-10-31,전라북도 군산시 옥구읍 어은리 209-4(동마산마을),과속방지턱 설치요청,35.9202704,126.6761508
2019-11-04,전라북도 남원시 인월면 상우리 384-2 (국지도60호선 일부 구간 내),도로파손으로 인한 사고위험이 있어 보수요청,35.4571977,127.6085295
2019-11-04,전라북도 남원시 인월면 상우리 385-2 (국지도60호선 일부 구간 내),도로파손으로 인한 사고위험이 있어 보수요청,35.4576974,127.6083607
2019-11-11,"전라북도 진안군 주천면 신양리 산119-4, 주천면 대불리 산195-6",포트홀로인한 사고위험이 있어 보수요청,35.9790957,127.3983892
2019-11-24,전라북도 정읍시 고부면 관청리 (지방도 747호선 일부 구간),도로파손으로 인한 보수요청,35.6188361,126.7402691
2019-11-26,전라북도 순창군 동계면 이동리 산97-4 일원,과속방지턱 설치요청,35.4686335,127.2601761
2019-11-27,전라북도 군산시 대야면 복교리 288-2 번지일원,과속방지턱 설치요청,35.9154404,126.8363012
2019-11-28,전라북도 김제시 성덕면 대석리 (지방도 711호선 일부구간),도로파손으로 인한 보수요청,35.8140096,126.8202754
2019-12-02,전라북도 김제시 만경읍 만경로 1203 일원,과속방지턱 설치요청,35.8854901,126.827659
2019-12-03,전라북도 군산시 서수면 서수리 885-8번지 일원,도색 및 안전표지판이 시공되지 않은 과속방지턱의 적법 여부,35.9782852,126.8766561
2019-12-11,전라북도 장수군 장수읍 용계리 923번지일원,과속방지턱 설치요청,35.6190258,127.4882227
2019-12-11,전라북도 진안군 정천면 봉학리76-1 (정천휴게소 앞 교차로),정천휴게소 앞 교차로 시설 개선 요구,35.8738869,127.4427489
2019-12-13,전라북도 익산시 망성면 신작리 (지방도 799호선 일부구간),포트홀 보수 요청,36.1334328,127.0249485
2019-12-15,전라북도 익산시 용안면 교동리 210-68번지 일원,지방도와 마을 진입로간 단차 조정 및 횡단보도 재도색 요청,36.1181528,126.9526244
2019-12-26,전라북도 김제시 황산면 쌍감리 (지방도 714호선 일부구간),봉월IC교(진·출입부) 접속부 단차로 인한 사고위험,35.7786907,126.9520194
2020-01-10,전라북도 김제시 황산면 봉월리 (지방도 735호선 일부구간),포트홀 보수 요청,35.7903544,126.9594842
2020-01-13,전라북도 익산시 웅포면 송천리 (지방도 724호선 일부구간),포트홀 보수 요청,36.07956,126.8997724
2020-02-04,전라북도 익산시 웅포면 송천리 645-2번지,과속방지턱 표지판 보수 요청,36.0818639,126.8862483
2020-02-10,전라북도 정읍시 덕천면 신월리 일원 (지방도 705호선 신월삼거리),정읍 이평 신월삼거리 회전교차로 개선 요구,35.64046,126.8408401
2020-02-11,김제 IC 사거리 (지방도 714호선 일부구간),포트홀 발생으로 인한 사고위험이 있어 보수요청,35.8036079,126.8808872
2020-02-11,전라북도 군산시 회횐면 증석리 일원 (지방도 744호선 일부구간),도로노면 불량으로 인한 보수 요청,35.9101577,126.7909295
2020-02-11,완주 삼례시장 사거리 ~ 삼례IC 일원 (지방도 799호선 일부구간),포트홀 발생으로 인한 사고위험이 있어 보수요청,35.9093122,127.0716446
2020-02-24,"정읍 산외 오공, 신배교 (지방도 799호선 일부구간)",칠보 시산교차로 ~ 신촌교차로 양방향 포장공사를 시행하였으나 포장면 단차로 인한 보수요청,35.6214371,127.0421207
2020-02-25,전라북도 완주군 봉동읍 장구리 90-8 (지방도 799호선 일부구간),포트홀 발생으로 인한 사고위험이 있어 보수요청,35.9724309,127.1247336
2020-03-07,전라북도 완주군 삼례읍 신금리 431-12번지 일원,도로 침하 보수요청,35.9196433,127.0904116
2020-03-18,전라북도 완주군 화산면 우월리 (지방도 740호선 일부구간),포트홀 보수 요청,36.0508863,127.1715291
2020-03-20,전라북도 군산시 옥구읍 어은리 5-71번지 일원,과속방지턱 보수요청,35.8993821,126.6857535
2020-03-23,전라북도 김제시 만경읍 지평선로 2167 일원,과속방지턱 설치요청,35.8565406,126.8103494
2020-03-28,전라북도 부안군 주산면 소산리 327-1,과속방지턱 설치요청,35.6509957,126.7059028
2020-04-29,전라북도 임실군 덕치면 가곡리 829 일원 (지방도 717호선),도로 구간내 급커브에 따른 사고 위험으로 도로 선형개량,35.5054342,127.1846145
2020-05-04,전라북도 순창군 순창읍 교성리 (지방도 729호선 일부구간),포트홀 보수 요청,35.3613195,127.1277042
2020-05-12,전라북도 군산시 회현면 금광리 1249-722,과속방지턱 설치요청,35.895457,126.7392001
2020-05-12,전라북도 진안군 정천면 월평리 239-2,도로공사 장기로 안전운전 방해 및 조기공사 추진요청,35.8390214,127.4449206
2020-05-14,전라북도 익산시 함열읍 와리 814 (지방도 724호선 일부구간),포트홀 보수요청,36.0732998,126.9608563
2020-05-16,전라북도 완주군 이서면 상개리 일원 (지방도 713호선 일부구간),도로노면 불량으로 인한 보수 요청,35.8198549,127.0332013
2020-05-18,전라북도 군산시 옥구읍 선제리 93-26번지 일원,과속방지턱 설치요청,35.9233674,126.6876736
2020-05-18,전라북도 장수군 장수읍 용계리 1211-3 인근,주택 진입로 단차 보수요청,35.6178652,127.4853445
2020-05-21,관촌교차로 (지방도 745호선 일부구간),포장 보수요청,35.85584771,126.8128646
2020-05-22,전라북도 군산시 임피면 술산리 758-5번지 인근,과속방지턱 보수요청,35.9584102,126.8703839
2020-05-26,전라북도 부안군 백산면 덕신리 977-4번지 일원,과속방지턱 설치요청,35.7178242,126.7828588
2020-05-27,전라북도 익산시 여산면 제남리 281번지 일원,과속방지턱 설치요청,36.0588583,127.0803897
2020-06-08,전라북도 장수군 장수읍 용계리 923번지 일원,과속방지턱 설치요청,35.6190258,127.4882227
2020-06-17,전라북도 김제시 죽산면 종신리 652-1번지 일원,과속방지턱 설치요청,35.7990078,126.8050124
2020-06-22,익산 금마 서고도리 (지방도 722호선 일부구간),도로 보수요청,35.9915083,127.0422877
2020-06-25,전라북도 군산시 나포면 옥곤리 507-5,과속방지턱 설치요청,36.0313291,126.8318006
2020-07-06,전라북도 완주군 이서면 상개리 546-18,노면상태 불량에 따른 보수요청,35.8200632,127.0262686
2020-07-06,전라북도 익산시 용안면 교동리 535-1,노면상태 불량에 따른 보수요청,36.1129922,126.9579933
2020-07-10,전라북도 진안군 정천면 월평리 산172-1,공사 완료 후 공사안내표지판 미철거에 따른 통행불편,35.8377341,127.4456535
2020-07-13,전라북도 완주군 봉동읍 용암리 121-8 부근,포트홀 발생,35.957845,127.1368714
2020-07-14,전라북도 익산시 함라면 신등리 1042-55,노면상태 불량에 따른 보수요청,36.0321831,126.8874797
2020-07-14,전라북도 익산시 함라면 신등리 1269-3 부근,포트홀 발생,36.0337125,126.8908868
2020-07-15,전라북도 완주군 이서면 은교리 780,노면상태 불량에 따른 보수요청,35.8206377,127.0139347
2020-07-15,전라북도 익산시 용안면 교동리 535-1,노면상태 불량에 따른 보수요청,36.1129922,126.9579933
2020-07-16,전라북도 완주군 이서면 상개리 815,노면상태 불량에 따른 보수요청,35.8198549,127.0332013
2020-07-17,전라북도 익산시 함라면 신등리 804-31 부근,"노면상태 불량에 따른 보수요청, 국가배상 요청",36.0383119,126.8934578
2020-07-17,전라북도 진안군 부귀면 두남리 744 부근,도로 파손으로 인한 복구 요청,35.8439967,127.4117535
2020-07-18,전라북도 완주군 이서면 이문리 산 145-2 부근,도로노면 불량으로 인한 보수 요청,35.8190962,126.9998245
2020-07-22,전라북도 완주군 봉동읍 은하리 산 156-2,도로노면 불량으로 인한 물고임,35.954153,127.1481895
2020-07-25,전라북도 군산시 성산면 산곡리 636 부근,과속방지턱 수리 요청,35.977922,126.8227874
2020-07-25,전라북도 김제시 만경읍~진봉면 방면 (지방도 702호선),도로노면 불량,35.8589024,126.7661033
2020-07-29,전라북도 완주군 봉동읍 용암리 102-6 부근,도로 파손으로 인한 복구 요청,35.9581101,127.1352589
2020-07-30,전라북도 완주군 봉동읍 용암리 산 36-16 부근,도로 파손으로 인한 복구 요청,35.9591074,127.1348267
2020-07-31,전라북도 완주군 봉동읍 용암리 129-2 부근,도로 파손으로 인한 복구 요청,35.9572538,127.1376328
2020-08-02,전라북도 임실군 덕치면 사곡리 414-8 부근,도로 파손으로 인한 복구 요청,35.5141551,127.1789546
2020-08-03,전라북도 김제시 만경읍 소토리 190-1 부근,도로 파손으로 인한 복구 요청,35.8871711,126.8296123
2020-08-03,전라북도 김제시 백구면 부용리 1040 부근,도로 파손으로 인한 복구 요청,35.8898997,126.9506066
2020-08-03,전라북도 김제시 백구면 월봉리 79-11 부근,도로 파손으로 인한 복구 요청,35.8827594,126.9543815
2020-08-09,전라북도 완주군 봉동읍 용암리 744-1 부근,도로 파손으로 인한 복구 요청,35.9581305,127.1402394
2020-08-09,전라북도 진안군 진안읍 운산리 803-3 부근,도로 파손으로 인한 복구 요청,35.818843,127.4465828
2020-08-10,전라북도 완주군 이서면 상개리 815 부근,도로 파손으로 인한 복구 요청,35.8198549,127.0332013
2020-08-10,전라북도 완주군 이서면 용서리 676-17 부근,도로 파손으로 인한 복구 요청,35.821229,127.0212125
2020-08-10,전라북도 익산시 황등면 율촌리 839 부근,도로 파손으로 인한 복구 요청,36.0248431,126.9590277
2020-08-11,전라북도 김제시 만경읍 만경리 406-1 부근,도로노면 불량으로 인한 보수 요청,35.8546006,126.8208643
2020-08-11,전라북도 김제시 만경읍 몽산리 160-4 부근,도로 파손으로 인한 복구 요청,35.8544971,126.8157969
2020-08-11,전라북도 남원시 인월면 중군리 산 32-3 부근,도로 파손으로 인한 복구 요청,35.4421833,127.6091155
2020-08-11,전라북도 익산시 팔봉동 산 8-2 부근,도로노면 불량으로 인한 보수 요청,35.968437,127.0169174
2020-08-11,전라북도 김제시 만경읍 몽산리 123-1 부근 (지방도 702호선),"포장면 불량, 도로 파손으로 인한 복구 요청",35.8563086,126.8129612
2020-08-11,전라북도 진안군 부귀면 두남리 400-1 부근,도로 파손으로 인한 복구 요청,35.8438868,127.4106706
2020-08-12,전라북도 완주군 이서면 금평리 140-1 부근 (지방도 716호선),"포트홀로 인한 타이어 파손, 도로 파손으로 인한 복구 요청",35.8247924,127.0525547
2020-08-18,전라북도 순창군 풍산면 두승리 805 부근,도로 파손으로 인한 복구 요청,35.3573061,127.1755874
2020-08-19,전라북도 익산시 금마면 동고도리 179-3,도로 파손으로 인한 복구 요청,35.9882935,127.0620051
2020-08-21,"전라북도 완주군 이서면 이문리 산 150-6, 은교리 780 부근","완주군 이서면 이문리 산 150-6, 은교리 780 부근 도로포장 불량",35.8205534,127.0073037
2020-08-23,전라북도 완주군 운주면 완창리 산 1-6 부근,도로 파손으로 인한 복구 요청,36.1087367,127.2639907
2020-08-25,전라북도 김제시 진봉면 정당리 706-2,도로 파손으로 인한 복구 요청,35.8580227,126.8011436
2020-08-25,전라북도 김제시 진봉면 정당리 706-2 부근,과속방지턱 수리 요청,35.8580227,126.8011436
2020-08-26,전라북도 김제시 만경읍 장산리 583 부근,김제시 만경읍 장산리 583 부근 도로포장 불량,35.8555952,126.8391969
2020-08-26,전라북도 완주군 화산면 운곡로 303번지 부근,과속방지턱 설치 요청,36.0638889,127.1877404
2020-08-27,전라북도 김제시 만경읍 몽산리 123-3 부근,도로 파손으로 인한 복구 요청,35.8559747,126.8124614
2020-08-27,전라북도 완주군 봉동읍 제내리 348-32 부근,완주군 봉동읍 제내리 348-32 부근 도로포장 불량,35.9803395,127.1205268
2020-08-28,전라북도 김제시 만경읍 만경리 90-3 부근,도로 파손으로 인한 복구 요청,35.8541693,126.8269434
2020-08-29,전라북도 익산시 망성면 어량리 1697-13,도로 파손으로 인한 복구 요청,36.0987425,127.0178477
2020-08-29,전라북도 익산시 함열읍 남당리 722-3,도로 파손으로 인한 복구 요청,36.0762135,126.9715059
2020-08-30,전라북도 김제시 만경읍 장산리 574-2 부근,도로 파손으로 인한 복구 요청,35.8528472,126.8198622
2020-08-31,전라북도 김제시 백산면 부거리 1618 부근,도로 파손으로 인한 복구 요청,35.8433472,126.8705223
2020-09-02,전라북도 김제시 성덕면 묘라리 산 89-3,도로 파손으로 인한 복구 요청,35.8423248,126.8161948
2020-09-04,전라북도 익산시 낭산면 성남리 391-1 부근,익산시 낭산면 성남리 391-1 부근 도로포장 불량,36.052247,127.0202012
2020-09-06,전라북도 김제시 용지면 부교리 22-1 부근,포장면 불량으로 인한 덧씌우기 공사 건의,35.8183585,126.9976106
2020-09-06,불노사거리~애통리사거리,불노사거리~애통리사거리 부근 도로포장 불량,35.7175,127.153
2020-09-06,전라북도 완주군 이서면 BYC삼거리 부근,완주군 이서면 BYC삼거리 부근 도로포장 불량,35.8231117,127.0217371
2020-09-08,전라북도 남원시 송동면 신평리 1642 부근,도로 파손으로 인한 복구 요청,35.3643224,127.3481035
2020-09-09,전라북도 완주군 봉동읍 장기리 383-3 부근,도로 파손으로 인한 복구 요청,35.9384171,127.1613254
2020-09-10,전라북도 익산시 금마면 동고도리 182-5 부근,도로 파손으로 인한 복구 요청,35.996246,127.059395
2020-09-16,전라북도 정읍시 신태인읍 신용리 1404-1번지 부근,과속방지턱 설치요청,35.6812076,126.8646141
2020-09-17,전라북도 김제시 용지면 부교리 39 부근,김제시 용지면 부교리 39 부근 도로포장 불량,35.8157682,126.9918956
2020-09-20,전라북도 완주군 이서면 상개리 816 부근,완주군 이서면 상개리 816 부근 도로포장 불량,35.8198549,127.0332013
2020-09-21,전라북도 군산시 대야면 복교리 305-5 부근,과속방지턱 설치 요청,35.9152141,126.8362003
2020-09-22,전라북도 순창군 복흥면 대방리 714 부근,도로 파손으로 인한 복구 요청,35.4183797,126.9398143
2020-10-04,전라북도 진안군 진안읍 군상리 1187 부근,도로 파손으로 인한 복구 요청,35.795212,127.4258206
2020-10-05,전라북도 진안군 부귀면 두남리 460 부근,진안군 부귀면 두남리 460 부근 도로포장 불량,35.8439772,127.4081493
2020-10-05,전라북도 진안군 정천면 월평리 산82-1 부근,도로 파손으로 인한 복구 요청,35.8571533,127.4354264
2020-10-06,전라북도 김제시 금구면 옥성리 725 부근,김제IC ~ 김제IC 회전교차로까지 보수 요청,35.7809997,127.0039045
2020-10-06,전라북도 완주군 이서면 상개리 815 부근,포트홀 보수에 따른 진동 등 불편사항 발생,35.8198549,127.0332013
2020-10-20,전라북도 남원시 주생면 지당리 723 부근,남원시 주생면 지당리 723 부근 도로꺼짐,35.3827302,127.3303935
2020-10-20,"전라북도 익산시 함라면 신목리 1280-1 부근, 익산시 함라면 신목리 1277-1 부근, 익산시 함라면 신목리 1452 부근",과속방지턱 설치요청,36.0402926,126.8770488
2020-10-25,전라북도 군산시 옥산면 남내교차로,과속방지턱 설치요청,35.9339048,126.7658467
2020-10-27,전라북도 익산시 망성명 장내촌리 139-2,도로 파손으로 인한 복구 요,36.1040896,127.0487903
2020-10-27,전라북도 익산시 망성명 장선리 623-9 부근,도로 파손으로 인한 복구 요청,36.1193068,127.0224092
2020-10-28,전라북도 김제시 금구면 월전리 593-1일원,도로 파손으로 인한 복구 요청,35.7807096,127.0169543
2020-11-02,전라북도 익산시 망성명 장선리 265-3 부근,도로 파손으로 인한 복구 요청,36.1254443,127.0258436
2020-11-02,전라북도 익산시 망성명 장선리 422-2 부근,도로 파손으로 인한 복구 요청,36.1214141,127.0213278
2020-11-02,전라북도 순창군 복흥면 대방리 444-1 부근,도로 파손으로 인한 복구 요청,35.421472,126.9369153
2020-11-06,전라북도 익산시 웅포면 웅포리 산58-2 일원,도로 파손으로 인한 복구 요청,36.0643182,126.8801308
2020-11-12,전라북도 김제시 만경읍 몽산리 126-2 일원,도로 파손으로 인한 복구 요청,35.8548476,126.8152404
2020-11-12,전라북도 완주군 소양면 신원리 471-4번지 부근,과속방지턱 설치요청,35.8543208,127.2944615
2020-11-12,전라북도 정읍시 영원면 앵성리 800-13일원,도로 파손으로 인한 복구 요청,35.6638361,126.7490292
2020-11-17,전라북도 익산시 황등 용산사거리,회전교차로 경계석 파손으로 인한 복구 요청,36.0007457,126.9422854
2020-11-17,전라북도 임실군 관촌면 관진로 255-5 부근,과속방지턱 설치요청,35.6787374,127.2932829
2020-11-28,전라북도 김제시 만경읍 몽산리 126-2 일원,도로 파손으로 인한 복구 요청,35.8548476,126.8152404
2020-12-07,전라북도 김제시 봉남면 회성리 199-2일원,도로 파손으로 인한 복구 요청,35.7305514,126.9399254
2020-12-07,전라북도 완주군 이서면 이성리 592-32 부근,과속방지턱 설치요청,35.809215,127.0442176
2020-12-15,전라북도 진안군 주천면 주양리 437-4일원,도로 파손으로 인한 복구 요청,35.97482,127.4258611
2020-12-19,전라북도 남원시 대강면 방동리 1461-2 부근,도로 파손으로 인한 복구 요청,35.3420793,127.2165533
2020-12-27,전라북도 남원시 주천면 장안리 612-11 부근(남원 장안 회전교차로),표지판 고장으로 인한 복구 요청,35.3906996,127.4406837
2021-01-03,전라북도 남원시 대산면 옥율리 744일원,도로 파손으로 인한 복구 요청,35.4516778,127.3356535
2021-01-04,전라북도 김제시 만경읍 만경리 751,도로 파손으로 인한 복구 요청,35.8527218,126.8181946
2021-01-05,전라북도 부안군 변산면 중계리 산10-18,도로 파손으로 인한 복구 요청,35.6496888,126.5943703
2021-01-11,전라북도 김제시 진봉면 고사리 18-1,도로 파손으로 인한 복구 요청,35.8578607,126.7660036
2021-01-11,전라북도 김제시 진봉면 고사리 1843,도로 파손으로 인한 복구 요청,35.8548923,126.7672718
2021-01-25,전라북도 완주군 이서면 상개리 668-24,도로 파손으로 인한 복구 요청,35.8151338,127.0332857
2021-01-28,"전라북도 완주군 화산면 화월리 897-1, 699-1, 화평리 743-5, 운곡리 126-2",도로 파손으로 인한 복구 요청,36.0332215,127.2003977
2021-01-28,전라북도 익산시 낭산면 석천리 954-1,도로 파손으로 인한 복구 요청,36.0754335,127.0352991
2021-02-02,전라북도 김제시 백산면 부거리 1618,도로 파손으로 인한 복구 요청,35.8433472,126.8705223
2021-02-15,전라북도 김제시 봉남면 용신리 ~ 행촌리 (지방도 714호선),해당 노선 전반적인 유지보수,35.7370982,126.929788
2021-02-15,전라북도 익산시 황등면 율촌리 839일원 (지방도 718호선),해당 노선 포장불량,36.0248431,126.9590277
2021-02-15,전라북도 완주군 이서면 금평리 821,영조물 공제보험으로 포트홀 사고를 변상하라,35.8186187,127.0571039
2021-02-17,전라북도 완주군 이서면 금평리 821,영조물 공제보험으로 포트홀 사고를 변상하라,35.8186187,127.0571039
2021-02-21,전라북도 진안군 정천면 월평리 산 93-7 일원,도로포장 불량,35.8572923,127.4393271
2021-02-22,전라북도 익산시 용안면 교동리 501-54,도로 파손으로 인한 복구 요청,36.1189515,126.9553309
2021-02-24,전라북도 익산시 성당면 성당리 609-1 (지방도 706호선),도로 침하로 화물차 운행시 전복의 위험이 있어 재포장 요청,36.1273152,126.9152925
2021-02-25,전라북도 완주군 이서면 금평리 821,영조물 공제보험으로 포트홀 사고를 변상하라(소극행정신고),35.8186187,127.0571039
2021-02-25,전라북도 익산시 낭산면 성남리 378-11,도로 파손으로 인한 복구 요청,36.050595,127.0198912
2021-02-27,전라북도 김제시 만경읍 몽산리 123-3일원 (지방도 702호선),소성변형으로 인한 재포장 요청,35.8559747,126.8124614
2021-03-02,전라북도 완주군 봉동읍 둔산리 산136-4일원,도로 파손으로 인한 차량 파손에 따른 보상 질의,35.967857,127.1275979
2021-03-05,전라북도 장수군 번암면 동화리 산 45 (지방도 743호선),도로재포장 요청,35.5590537,127.54801
2021-03-09,전라북도 완주군 이서면 이성리 481-7,도로 파손으로 인한 복구 요청,35.8033148,127.0475975
2021-03-13,"전라북도 군산시 나포면 옥곤리 497-1, 919 부근",과속방지턱 설치요청,36.0307958,126.8311805
2021-03-13,전라북도 군산시 나포면 옥곤리 699-1 부근,도로 파손으로 인한 복구 요청,36.0359978,126.8345113
2021-03-17,전라북도 순창군 복흥면 반월리 77-2,도로 파손으로 인한 복구 요청,35.4478086,126.9172641
2021-04-03,전라북도 완주군 구이면 광곡리 산182-1,도로 파손으로 인한 복구 요청,35.734323,127.1545541
2021-04-06,전라북도 익산시 함라면 신목리 1333-7 일원,과속방지턱 설치 요청,36.034841,126.8784988
2021-04-08,전라북도 김제시 황산면 쌍감리 980일원,도로 파손으로 인한 차량 파손에 따른 보상 질의,35.7890731,126.9467351
2021-04-10,전라북도 김제시 만경읍 장산리 25-4,도로 파손으로 인한 복구 요청,35.8589664,126.843821
2021-04-10,전라북도 장수군 장계면 오동리 572-3,도로 파손으로 인한 복구 요청,35.7106644,127.6264486
2021-04-16,전라북도 군산시 대야면 보덕리 614-6 일원,도로 파손으로 인한 복구 요청,35.9693441,126.8201597
2021-04-19,전라북도 완주군 고산면 소향리 373-2 일원,과속방지턱 노면표시 요청,35.9904113,127.2613983
2021-04-21,전라북도 장수군 번암면 동화리 1077,도로 파손으로 인한 복구 요청,35.5623394,127.5471036
2021-04-21,전라북도 장수군 번암면 동화리 1077-1,도로 파손으로 인한 복구 요청,35.5622932,127.5468115
2021-04-21,전라북도 전라북도 완주군 이서면 상개리 산139-4,도로 파손으로 인한 복구 요청,35.8222463,127.0326539
2021-04-22,전라북도 장수군 번암면 동화리 산 52-3,도로 파손으로 인한 복구 요청,35.5611117,127.5425491
2021-04-22,전라북도 장수군 번암면 동화리 산52-3,도로 파손으로 인한 복구 요청,35.5611117,127.5425491
2021-05-08,전라북도 김제시 진봉면 정당리 일원 (지방도 702호선),현장 불친절 민원,35.8477275,126.805779
2021-05-09,전라북도 부안군 상서면 가오마을 (지방도 736호선),과속방지턱 설치 요청,35.6865628,126.6786044
2021-05-11,전라북도 순창군 동계면 이동리 286-1,도로 종단방향 물길발생에 따른 위험,35.4671276,127.2597756
2021-05-17,전라북도 순창군 복흥면 답동리 886,도로 파손으로 인한 복구 요청,35.4467948,126.9849278
2021-05-20,전라북도 임실군 신평면 원천리 769 (지방도 745호선),과속방지턱 설치 요청,35.654089,127.2238206
2021-05-20,전라북도 완주군 화산면 화평리 산2-4,도로 파손으로 인한 복구 요청,36.044342,127.2207352
2021-05-23,전라북도 남원시 산내면 대정리 832-5 (국지도 60호선),과속방지턱 설치 요청,35.4280512,127.6212494
2021-05-23,전라북도 김제시 청하면 장신리 729-2,도로 파손으로 인한 복구 요청,35.888946,126.83186
2021-05-24,전라북도 남원시 산내면 대정리 833-6 (국지도 60호선),과속방지턱 설치 요청,35.4282375,127.6214204
2021-05-25,전라북도 남원시 대산면 옥율리 744 (지방도 745호선),도로재포장 요청,35.4516778,127.3356535
2021-06-03,전라북도 완주군 이서면 상개리 815 일원,도로 파손으로 인한 복구 요청,35.8198549,127.0332013
2021-06-04,김제 금구IC 회전교차로,도로 파손으로 인한 복구 요청,36.291291,127.388306
2021-06-05,전라북도 완주군 이서면 이문리 산150-8 일원,도로 파손으로 인한 복구 요청,35.8205534,127.0073037
2021-06-10,전라북도 완주군 이서면 이문리 산150-8,포트홀로 인한 타이어 파손 민원,35.8205534,127.0073037
2021-06-15,전라북도 김제시 만경읍 만경리 능제로 일원,도로 파손으로 인한 복구 요청,35.849571,126.8181075
2021-06-18,전라북도 고창군 상하면 자룡리 800,과속방지턱 설치 요청,35.4385904,126.4559302
2021-06-19,전라북도 완주군 동상면 사봉리 393 (국지도 55호선),과속방지턱 설치 요청,35.8796255,127.3109857
2021-06-20,전라북도 남원시 주천면 고기리 산 107-8,도로 파손으로 인한 복구 요청,35.3724821,127.515984
2021-06-23,김제 IC 사거리,도로 파손으로 인한 복구 요청,35.771731,127.008008
2021-06-25,전라북도 남원시 주천면 송치리 산 82-1 (국지도 60호선) ,도로재포장 요청,35.3875806,127.4134656
2021-07-04,김제 IC 사거리,도로 파손으로 인한 복구 요청,35.771731,127.008008
2021-07-04,전라북도 김제시 금구면 옥성리 714,도로 파손으로 인한 복구 요청,35.7817516,127.0028443
