prediction_date,grid_id,grid_lat,grid_lon,risk_score,risk_level,risk_reason,priority_rank,precip_3d,precip_7d,freeze_thaw_7d,past_potholes_90d,days_since_last_repair
2026-01-03,22960_7975,35.82240388070428,127.15197775116555,0.71837306,높음,"최근 7일 누적강수, 동결·융해 반복, 상습 발생 구간",1,24.93,57.04999999999999,6.0,0.0,197.0
2026-01-03,22885_7996,35.91672655407833,126.73663843663243,0.7110869,높음,동결·융해 반복,2,27.23,36.28000000000001,5.0,0.0,186.0
2026-01-03,22962_7979,35.8403701042041,127.16305346621975,0.699507,높음,"최근 7일 누적강수, 동결·융해 반복, 최근 반복 발생",3,24.93,57.04999999999999,6.0,1.0,76.0
2026-01-03,22962_7978,35.83587854832914,127.16305346621975,0.699507,높음,"최근 7일 누적강수, 동결·융해 반복, 최근 반복 발생",4,24.93,57.04999999999999,6.0,1.0,2.0
2026-01-03,22959_7993,35.90325188645347,127.14643989363843,0.699507,높음,"최근 7일 누적강수, 동결·융해 반복, 최근 반복 발생",5,24.93,57.04999999999999,6.0,1.0,63.0
2026-01-03,22885_8022,36.033507006827165,126.73663843663243,0.6919421,높음,"동결·융해 반복, 최근 반복 발생",6,27.23,36.28000000000001,5.0,1.0,27.0
2026-01-03,22949_7988,35.88079410707869,127.09106131836735,0.69045544,높음,"최근 7일 누적강수, 동결·융해 반복, 상습 발생 구간",7,24.93,57.04999999999999,6.0,0.0,297.0
2026-01-03,22901_7925,35.59782608695652,126.82524415706617,0.67035127,높음,동결·융해 반복,8,24.29999999999999,24.299999999999997,7.0,0.0,105.0
2026-01-03,22954_7975,35.82240388070428,127.11875060600289,0.66905874,높음,"최근 7일 누적강수, 동결·융해 반복",9,24.93,57.04999999999999,6.0,0.0,483.0
2026-01-03,22959_7966,35.78197987782968,127.14643989363843,0.66905874,높음,"최근 7일 누적강수, 동결·융해 반복",10,24.93,57.04999999999999,6.0,0.0,361.0
2026-01-03,22959_7982,35.85384477182896,127.14643989363843,0.66905874,높음,"최근 7일 누적강수, 동결·융해 반복",11,24.93,57.04999999999999,6.0,0.0,362.0
2026-01-03,22947_7975,35.82240388070428,127.07998560331313,0.66905874,높음,"최근 7일 누적강수, 동결·융해 반복",12,24.93,57.04999999999999,6.0,0.0,378.0
2026-01-03,23003_7888,35.43163851958318,127.3901056248312,0.6512378,높음,"동결·융해 반복, 최근 반복 발생",13,28.16,28.160000000000007,7.0,1.0,13.0
2026-01-03,22928_8003,35.94816744520302,126.97476631029808,0.64079374,높음,"동결·융해 반복, 최근 반복 발생",14,25.57,28.999999999999993,6.0,1.0,23.0
2026-01-03,22917_7994,35.907743442328425,126.91384987749989,0.638867,높음,동결·융해 반복,15,25.57,28.999999999999993,6.0,0.0,170.0
2026-01-03,22959_7967,35.786471433704634,127.14643989363843,0.62063813,높음,"최근 7일 누적강수, 동결·융해 반복, 보수 후 장기 경과",16,24.93,57.04999999999999,6.0,0.0,3650.0
2026-01-03,22959_7972,35.80892921307941,127.14643989363843,0.62063813,높음,"최근 7일 누적강수, 동결·융해 반복, 보수 후 장기 경과",17,24.93,57.04999999999999,6.0,0.0,3650.0
2026-01-03,22972_7975,35.82240388070428,127.21843204149084,0.62063813,높음,"최근 7일 누적강수, 동결·융해 반복, 최근 반복 발생",18,24.93,57.04999999999999,6.0,1.0,3650.0
2026-01-03,22952_7985,35.86731943945383,127.10767489094867,0.62063813,높음,"최근 7일 누적강수, 동결·융해 반복, 보수 후 장기 경과",19,24.93,57.04999999999999,6.0,0.0,3650.0
2026-01-03,22916_7907,35.51697808120733,126.90831201997278,0.61244106,높음,동결·융해 반복,20,24.29999999999999,24.299999999999997,7.0,0.0,339.0
2026-01-03,22925_8002,35.94367588932806,126.95815273771676,0.5935511,높음,동결·융해 반복,21,25.57,28.999999999999993,6.0,0.0,278.0
2026-01-03,22967_7985,35.86731943945383,127.19074275385529,0.5519293,높음,"최근 7일 누적강수, 동결·융해 반복, 상습 발생 구간",22,24.93,57.04999999999999,6.0,0.0,367.0
2026-01-03,22893_8017,36.01104922745239,126.78094129684929,0.54102236,높음,"동결·융해 반복, 최근 반복 발생, 상습 발생 구간",23,27.23,36.28000000000001,5.0,1.0,47.0
2026-01-03,22896_8007,35.96613366870284,126.79755486943063,0.54102236,높음,"동결·융해 반복, 최근 반복 발생, 상습 발생 구간",24,27.23,36.28000000000001,5.0,1.0,52.0
2026-01-03,22882_8012,35.988591448077614,126.72002486405111,0.53848475,높음,"동결·융해 반복, 상습 발생 구간",25,27.23,36.28000000000001,5.0,0.0,351.0
2026-01-03,22885_7994,35.907743442328425,126.73663843663243,0.5183668,높음,"동결·융해 반복, 상습 발생 구간",26,27.23,36.28000000000001,5.0,0.0,296.0
2026-01-03,22914_7928,35.611300754581386,126.89723630491856,0.5157489,높음,"동결·융해 반복, 최근 반복 발생, 상습 발생 구간",27,24.29999999999999,24.299999999999997,7.0,2.0,23.0
2026-01-03,22898_7929,35.61579231045634,126.80863058448483,0.5157489,높음,"동결·융해 반복, 최근 반복 발생, 상습 발생 구간",28,24.29999999999999,24.299999999999997,7.0,1.0,33.0
2026-01-03,22904_7922,35.584351419331654,126.84185772964749,0.5136606,높음,"동결·융해 반복, 상습 발생 구간",29,24.29999999999999,24.299999999999997,7.0,0.0,112.0
2026-01-03,23007_7885,35.41816385195832,127.41225705493962,0.5079634,높음,"동결·융해 반복, 상습 발생 구간",30,28.16,28.160000000000007,7.0,0.0,240.0
2026-01-03,22959_7968,35.79096298957959,127.14643989363843,0.499199,보통,"최근 7일 누적강수, 동결·융해 반복, 상습 발생 구간",31,24.93,57.04999999999999,6.0,0.0,3650.0
2026-01-03,22931_8003,35.94816744520302,126.9913798828794,0.4835198,보통,"동결·융해 반복, 최근 반복 발생, 상습 발생 구간",32,25.57,28.999999999999993,6.0,1.0,66.0
2026-01-03,22926_8003,35.94816744520302,126.96369059524386,0.4835198,보통,"동결·융해 반복, 최근 반복 발생, 상습 발생 구간",33,25.57,28.999999999999993,6.0,1.0,3.0
2026-01-03,22925_7999,35.9302012217032,126.95815273771676,0.443738,보통,"동결·융해 반복, 상습 발생 구간",34,25.57,28.999999999999993,6.0,0.0,341.0
2026-01-03,22932_8012,35.988591448077614,126.99691774040652,0.43386707,보통,"동결·융해 반복, 상습 발생 구간",35,25.57,28.999999999999993,6.0,0.0,304.0
2026-01-03,22931_7996,35.91672655407833,126.9913798828794,0.43386707,보통,"동결·융해 반복, 상습 발생 구간",36,25.57,28.999999999999993,6.0,0.0,309.0
2026-01-03,22904_7919,35.57087675170679,126.84185772964749,0.42687014,보통,동결·융해 반복,37,24.29999999999999,24.299999999999997,7.0,0.0,680.0
2026-01-03,22904_7916,35.55740208408193,126.84185772964749,0.42687014,보통,동결·융해 반복,38,24.29999999999999,24.299999999999997,7.0,0.0,654.0
2026-01-03,22916_8014,35.99757455982753,126.90831201997278,0.417722,보통,동결·융해 반복,39,25.57,28.999999999999993,6.0,0.0,715.0
2026-01-03,22925_8003,35.94816744520302,126.95815273771676,0.417722,보통,동결·융해 반복,40,25.57,28.999999999999993,6.0,0.0,610.0
2026-01-03,22996_7885,35.41816385195832,127.35134062214144,0.4133169,보통,"동결·융해 반복, 상습 발생 구간",41,28.16,28.160000000000007,7.0,0.0,278.0
2026-01-03,22993_7897,35.47206252245778,127.3347270495601,0.4133169,보통,"동결·융해 반복, 상습 발생 구간",42,28.16,28.160000000000007,7.0,0.0,308.0
2026-01-03,23008_7891,35.44511318720805,127.41779491246673,0.41301998,보통,동결·융해 반복,43,28.16,28.160000000000007,7.0,0.0,632.0
2026-01-03,23003_7887,35.42714696370823,127.3901056248312,0.41301998,보통,동결·융해 반복,44,28.16,28.160000000000007,7.0,0.0,530.0
2026-01-03,23003_7871,35.35528206970895,127.3901056248312,0.41301998,보통,동결·융해 반복,45,28.16,28.160000000000007,7.0,0.0,397.0
2026-01-03,22885_7995,35.91223499820338,126.73663843663243,0.4049087,보통,"동결·융해 반복, 상습 발생 구간",46,27.23,36.28000000000001,5.0,0.0,467.0
2026-01-03,22885_8007,35.96613366870284,126.73663843663243,0.4049087,보통,"동결·융해 반복, 상습 발생 구간",47,27.23,36.28000000000001,5.0,0.0,648.0
2026-01-03,22885_8010,35.9796083363277,126.73663843663243,0.4049087,보통,"동결·융해 반복, 상습 발생 구간",48,27.23,36.28000000000001,5.0,0.0,592.0
2026-01-03,22899_7928,35.611300754581386,126.81416844201195,0.37605992,보통,"동결·융해 반복, 보수 후 장기 경과",49,24.29999999999999,24.299999999999997,7.0,0.0,3650.0
2026-01-03,22911_7924,35.59333453108157,126.88062273233724,0.37605992,보통,"동결·융해 반복, 보수 후 장기 경과",50,24.29999999999999,24.299999999999997,7.0,0.0,3650.0
2026-01-03,22915_7929,35.61579231045634,126.90277416244568,0.37605992,보통,"동결·융해 반복, 보수 후 장기 경과",51,24.29999999999999,24.299999999999997,7.0,0.0,3650.0
2026-01-03,22913_8003,35.94816744520302,126.89169844739146,0.3644655,보통,"동결·융해 반복, 보수 후 장기 경과",52,25.57,28.999999999999993,6.0,0.0,3650.0
2026-01-03,22937_8003,35.94816744520302,127.02460702804206,0.3644655,보통,"동결·융해 반복, 보수 후 장기 경과",53,25.57,28.999999999999993,6.0,0.0,3650.0
2026-01-03,22895_8007,35.96613366870284,126.79201701190351,0.35509294,보통,"동결·융해 반복, 최근 반복 발생, 상습 발생 구간",54,27.23,36.28000000000001,5.0,2.0,3650.0
2026-01-03,23003_7873,35.364265181458855,127.3901056248312,0.31381956,보통,"동결·융해 반복, 최근 반복 발생, 상습 발생 구간",55,28.16,28.160000000000007,7.0,1.0,546.0
2026-01-03,22999_7889,35.43613007545814,127.36795419472276,0.31381956,보통,"동결·융해 반복, 최근 반복 발생, 상습 발생 구간",56,28.16,28.160000000000007,7.0,1.0,719.0
2026-01-03,22909_7916,35.55740208408193,126.86954701728303,0.30245435,보통,"동결·융해 반복, 상습 발생 구간",57,24.29999999999999,24.299999999999997,7.0,0.0,641.0
2026-01-03,22907_7906,35.51248652533238,126.8584713022288,0.30245435,보통,"동결·융해 반복, 상습 발생 구간",58,24.29999999999999,24.299999999999997,7.0,0.0,634.0
2026-01-03,22923_8000,35.93469277757816,126.94707702266254,0.29676008,보통,"동결·융해 반복, 상습 발생 구간",59,25.57,28.999999999999993,6.0,0.0,376.0
2026-01-03,22915_7991,35.894268774703555,126.90277416244568,0.29676008,보통,"동결·융해 반복, 상습 발생 구간",60,25.57,28.999999999999993,6.0,0.0,371.0
2026-01-03,22963_7971,35.80443765720445,127.16859132374687,0.10663167,낮음,"최근 7일 누적강수, 동결·융해 반복, 보수 후 장기 경과",61,24.93,57.04999999999999,6.0,0.0,3650.0
2026-01-03,22969_7975,35.82240388070428,127.20181846890951,0.10663167,낮음,"최근 7일 누적강수, 동결·융해 반복, 보수 후 장기 경과",62,24.93,57.04999999999999,6.0,0.0,3650.0
2026-01-03,22967_7966,35.78197987782968,127.19074275385529,0.10663167,낮음,"최근 7일 누적강수, 동결·융해 반복, 보수 후 장기 경과",63,24.93,57.04999999999999,6.0,0.0,3650.0
2026-01-03,22967_7976,35.82689543657923,127.19074275385529,0.10663167,낮음,"최근 7일 누적강수, 동결·융해 반복, 보수 후 장기 경과",64,24.93,57.04999999999999,6.0,0.0,3650.0
2026-01-03,22968_7964,35.77299676607977,127.1962806113824,0.10663167,낮음,"최근 7일 누적강수, 동결·융해 반복, 보수 후 장기 경과",65,24.93,57.04999999999999,6.0,0.0,3650.0
2026-01-03,22968_7975,35.82240388070428,127.1962806113824,0.10663167,낮음,"최근 7일 누적강수, 동결·융해 반복, 보수 후 장기 경과",66,24.93,57.04999999999999,6.0,0.0,3650.0
2026-01-03,22968_7965,35.77748832195473,127.1962806113824,0.10663167,낮음,"최근 7일 누적강수, 동결·융해 반복, 보수 후 장기 경과",67,24.93,57.04999999999999,6.0,0.0,3650.0
2026-01-03,22968_7986,35.87181099532878,127.1962806113824,0.10663167,낮음,"최근 7일 누적강수, 동결·융해 반복, 보수 후 장기 경과",68,24.93,57.04999999999999,6.0,0.0,3650.0
2026-01-03,22968_7976,35.82689543657923,127.1962806113824,0.10663167,낮음,"최근 7일 누적강수, 동결·융해 반복, 보수 후 장기 경과",69,24.93,57.04999999999999,6.0,0.0,3650.0
2026-01-03,22969_7988,35.88079410707869,127.20181846890951,0.10663167,낮음,"최근 7일 누적강수, 동결·융해 반복, 보수 후 장기 경과",70,24.93,57.04999999999999,6.0,0.0,3650.0
2026-01-03,22969_7987,35.876302551203736,127.20181846890951,0.10663167,낮음,"최근 7일 누적강수, 동결·융해 반복, 보수 후 장기 경과",71,24.93,57.04999999999999,6.0,0.0,3650.0
2026-01-03,22968_7987,35.876302551203736,127.1962806113824,0.10663167,낮음,"최근 7일 누적강수, 동결·융해 반복, 보수 후 장기 경과",72,24.93,57.04999999999999,6.0,0.0,3650.0
2026-01-03,22969_7964,35.77299676607977,127.20181846890951,0.10663167,낮음,"최근 7일 누적강수, 동결·융해 반복, 보수 후 장기 경과",73,24.93,57.04999999999999,6.0,0.0,3650.0
2026-01-03,22970_7963,35.768505210204815,127.20735632643662,0.10663167,낮음,"최근 7일 누적강수, 동결·융해 반복, 보수 후 장기 경과",74,24.93,57.04999999999999,6.0,0.0,3650.0
2026-01-03,22973_7975,35.82240388070428,127.22396989901794,0.10663167,낮음,"최근 7일 누적강수, 동결·융해 반복, 보수 후 장기 경과",75,24.93,57.04999999999999,6.0,0.0,3650.0
2026-01-03,22971_7975,35.82240388070428,127.21289418396373,0.10663167,낮음,"최근 7일 누적강수, 동결·융해 반복, 보수 후 장기 경과",76,24.93,57.04999999999999,6.0,0.0,3650.0
2026-01-03,22970_7975,35.82240388070428,127.20735632643662,0.10663167,낮음,"최근 7일 누적강수, 동결·융해 반복, 보수 후 장기 경과",77,24.93,57.04999999999999,6.0,0.0,3650.0
2026-01-03,22973_7976,35.82689543657923,127.22396989901794,0.10663167,낮음,"최근 7일 누적강수, 동결·융해 반복, 보수 후 장기 경과",78,24.93,57.04999999999999,6.0,0.0,3650.0
2026-01-03,22963_7975,35.82240388070428,127.16859132374687,0.10663167,낮음,"최근 7일 누적강수, 동결·융해 반복, 보수 후 장기 경과",79,24.93,57.04999999999999,6.0,0.0,3650.0
2026-01-03,22963_7979,35.8403701042041,127.16859132374687,0.10663167,낮음,"최근 7일 누적강수, 동결·융해 반복, 보수 후 장기 경과",80,24.93,57.04999999999999,6.0,0.0,3650.0
2026-01-03,22964_7970,35.7999461013295,127.17412918127397,0.10663167,낮음,"최근 7일 누적강수, 동결·융해 반복, 보수 후 장기 경과",81,24.93,57.04999999999999,6.0,0.0,3650.0
2026-01-03,22964_7980,35.844861660079054,127.17412918127397,0.10663167,낮음,"최근 7일 누적강수, 동결·융해 반복, 보수 후 장기 경과",82,24.93,57.04999999999999,6.0,0.0,3650.0
2026-01-03,22964_7975,35.82240388070428,127.17412918127397,0.10663167,낮음,"최근 7일 누적강수, 동결·융해 반복, 보수 후 장기 경과",83,24.93,57.04999999999999,6.0,0.0,3650.0
2026-01-03,22964_7981,35.849353215954004,127.17412918127397,0.10663167,낮음,"최근 7일 누적강수, 동결·융해 반복, 보수 후 장기 경과",84,24.93,57.04999999999999,6.0,0.0,3650.0
2026-01-03,22964_7982,35.85384477182896,127.17412918127397,0.10663167,낮음,"최근 7일 누적강수, 동결·융해 반복, 보수 후 장기 경과",85,24.93,57.04999999999999,6.0,0.0,3650.0
2026-01-03,22965_7983,35.85833632770392,127.17966703880109,0.10663167,낮음,"최근 7일 누적강수, 동결·융해 반복, 보수 후 장기 경과",86,24.93,57.04999999999999,6.0,0.0,3650.0
2026-01-03,22965_7968,35.79096298957959,127.17966703880109,0.10663167,낮음,"최근 7일 누적강수, 동결·융해 반복, 보수 후 장기 경과",87,24.93,57.04999999999999,6.0,0.0,3650.0
2026-01-03,22965_7969,35.79545454545455,127.17966703880109,0.10663167,낮음,"최근 7일 누적강수, 동결·융해 반복, 보수 후 장기 경과",88,24.93,57.04999999999999,6.0,0.0,3650.0
2026-01-03,22965_7975,35.82240388070428,127.17966703880109,0.10663167,낮음,"최근 7일 누적강수, 동결·융해 반복, 보수 후 장기 경과",89,24.93,57.04999999999999,6.0,0.0,3650.0
2026-01-03,22966_7975,35.82240388070428,127.18520489632819,0.10663167,낮음,"최근 7일 누적강수, 동결·융해 반복, 보수 후 장기 경과",90,24.93,57.04999999999999,6.0,0.0,3650.0
2026-01-03,22966_7967,35.786471433704634,127.18520489632819,0.10663167,낮음,"최근 7일 누적강수, 동결·융해 반복, 보수 후 장기 경과",91,24.93,57.04999999999999,6.0,0.0,3650.0
2026-01-03,22966_7984,35.86282788357887,127.18520489632819,0.10663167,낮음,"최근 7일 누적강수, 동결·융해 반복, 보수 후 장기 경과",92,24.93,57.04999999999999,6.0,0.0,3650.0
2026-01-03,22966_7985,35.86731943945383,127.18520489632819,0.10663167,낮음,"최근 7일 누적강수, 동결·융해 반복, 보수 후 장기 경과",93,24.93,57.04999999999999,6.0,0.0,3650.0
2026-01-03,22959_7979,35.8403701042041,127.14643989363843,0.10663167,낮음,"최근 7일 누적강수, 동결·융해 반복, 보수 후 장기 경과",94,24.93,57.04999999999999,6.0,0.0,3650.0
2026-01-03,22960_7976,35.82689543657923,127.15197775116555,0.10663167,낮음,"최근 7일 누적강수, 동결·융해 반복, 보수 후 장기 경과",95,24.93,57.04999999999999,6.0,0.0,3650.0
2026-01-03,22961_7973,35.813420768954366,127.15751560869265,0.10663167,낮음,"최근 7일 누적강수, 동결·융해 반복, 보수 후 장기 경과",96,24.93,57.04999999999999,6.0,0.0,3650.0
2026-01-03,22960_7974,35.81791232482932,127.15197775116555,0.10663167,낮음,"최근 7일 누적강수, 동결·융해 반복, 보수 후 장기 경과",97,24.93,57.04999999999999,6.0,0.0,3650.0
2026-01-03,22959_7992,35.89876033057851,127.14643989363843,0.10663167,낮음,"최근 7일 누적강수, 동결·융해 반복, 보수 후 장기 경과",98,24.93,57.04999999999999,6.0,0.0,3650.0
2026-01-03,22959_7991,35.894268774703555,127.14643989363843,0.10663167,낮음,"최근 7일 누적강수, 동결·융해 반복, 보수 후 장기 경과",99,24.93,57.04999999999999,6.0,0.0,3650.0
2026-01-03,22959_7990,35.889777218828605,127.14643989363843,0.10663167,낮음,"최근 7일 누적강수, 동결·융해 반복, 보수 후 장기 경과",100,24.93,57.04999999999999,6.0,0.0,3650.0
2026-01-03,22960_7958,35.74604743083004,127.15197775116555,0.10663167,낮음,"최근 7일 누적강수, 동결·융해 반복, 보수 후 장기 경과",101,24.93,57.04999999999999,6.0,0.0,3650.0
2026-01-03,22959_7989,35.88528566295365,127.14643989363843,0.10663167,낮음,"최근 7일 누적강수, 동결·융해 반복, 보수 후 장기 경과",102,24.93,57.04999999999999,6.0,0.0,3650.0
2026-01-03,22960_7977,35.831386992454185,127.15197775116555,0.10663167,낮음,"최근 7일 누적강수, 동결·융해 반복, 보수 후 장기 경과",103,24.93,57.04999999999999,6.0,0.0,3650.0
2026-01-03,22962_7976,35.82689543657923,127.16305346621975,0.10663167,낮음,"최근 7일 누적강수, 동결·융해 반복, 보수 후 장기 경과",104,24.93,57.04999999999999,6.0,0.0,3650.0
2026-01-03,22961_7978,35.83587854832914,127.15751560869265,0.10663167,낮음,"최근 7일 누적강수, 동결·융해 반복, 보수 후 장기 경과",105,24.93,57.04999999999999,6.0,0.0,3650.0
2026-01-03,22961_7975,35.82240388070428,127.15751560869265,0.10663167,낮음,"최근 7일 누적강수, 동결·융해 반복, 보수 후 장기 경과",106,24.93,57.04999999999999,6.0,0.0,3650.0
2026-01-03,22962_7975,35.82240388070428,127.16305346621975,0.10663167,낮음,"최근 7일 누적강수, 동결·융해 반복, 보수 후 장기 경과",107,24.93,57.04999999999999,6.0,0.0,3650.0
2026-01-03,22962_7972,35.80892921307941,127.16305346621975,0.10663167,낮음,"최근 7일 누적강수, 동결·융해 반복, 보수 후 장기 경과",108,24.93,57.04999999999999,6.0,0.0,3650.0
2026-01-03,22963_7970,35.7999461013295,127.16859132374687,0.10663167,낮음,"최근 7일 누적강수, 동결·융해 반복, 보수 후 장기 경과",109,24.93,57.04999999999999,6.0,0.0,3650.0
2026-01-03,22956_7979,35.8403701042041,127.12982632105711,0.10663167,낮음,"최근 7일 누적강수, 동결·융해 반복, 보수 후 장기 경과",110,24.93,57.04999999999999,6.0,0.0,3650.0
2026-01-03,22956_7980,35.844861660079054,127.12982632105711,0.10663167,낮음,"최근 7일 누적강수, 동결·융해 반복, 보수 후 장기 경과",111,24.93,57.04999999999999,6.0,0.0,3650.0
2026-01-03,22957_7973,35.813420768954366,127.13536417858421,0.10663167,낮음,"최근 7일 누적강수, 동결·융해 반복, 보수 후 장기 경과",112,24.93,57.04999999999999,6.0,0.0,3650.0
2026-01-03,22957_7975,35.82240388070428,127.13536417858421,0.10663167,낮음,"최근 7일 누적강수, 동결·융해 반복, 보수 후 장기 경과",113,24.93,57.04999999999999,6.0,0.0,3650.0
2026-01-03,22957_7978,35.83587854832914,127.13536417858421,0.10663167,낮음,"최근 7일 누적강수, 동결·융해 반복, 보수 후 장기 경과",114,24.93,57.04999999999999,6.0,0.0,3650.0
2026-01-03,22958_7973,35.813420768954366,127.14090203611133,0.10663167,낮음,"최근 7일 누적강수, 동결·융해 반복, 보수 후 장기 경과",115,24.93,57.04999999999999,6.0,0.0,3650.0
2026-01-03,22958_7974,35.81791232482932,127.14090203611133,0.10663167,낮음,"최근 7일 누적강수, 동결·융해 반복, 보수 후 장기 경과",116,24.93,57.04999999999999,6.0,0.0,3650.0
2026-01-03,22958_7975,35.82240388070428,127.14090203611133,0.10663167,낮음,"최근 7일 누적강수, 동결·융해 반복, 보수 후 장기 경과",117,24.93,57.04999999999999,6.0,0.0,3650.0
2026-01-03,22958_7978,35.83587854832914,127.14090203611133,0.10663167,낮음,"최근 7일 누적강수, 동결·융해 반복, 보수 후 장기 경과",118,24.93,57.04999999999999,6.0,0.0,3650.0
2026-01-03,22958_7977,35.831386992454185,127.14090203611133,0.10663167,낮음,"최근 7일 누적강수, 동결·융해 반복, 보수 후 장기 경과",119,24.93,57.04999999999999,6.0,0.0,3650.0
2026-01-03,22959_7960,35.75503054257995,127.14643989363843,0.10663167,낮음,"최근 7일 누적강수, 동결·융해 반복, 보수 후 장기 경과",120,24.93,57.04999999999999,6.0,0.0,3650.0
2026-01-03,22959_7959,35.750538986704996,127.14643989363843,0.10663167,낮음,"최근 7일 누적강수, 동결·융해 반복, 보수 후 장기 경과",121,24.93,57.04999999999999,6.0,0.0,3650.0
2026-01-03,22959_7961,35.7595220984549,127.14643989363843,0.10663167,낮음,"최근 7일 누적강수, 동결·융해 반복, 보수 후 장기 경과",122,24.93,57.04999999999999,6.0,0.0,3650.0
2026-01-03,22959_7962,35.76401365432986,127.14643989363843,0.10663167,낮음,"최근 7일 누적강수, 동결·융해 반복, 보수 후 장기 경과",123,24.93,57.04999999999999,6.0,0.0,3650.0
2026-01-03,22959_7964,35.77299676607977,127.14643989363843,0.10663167,낮음,"최근 7일 누적강수, 동결·융해 반복, 보수 후 장기 경과",124,24.93,57.04999999999999,6.0,0.0,3650.0
2026-01-03,22959_7963,35.768505210204815,127.14643989363843,0.10663167,낮음,"최근 7일 누적강수, 동결·융해 반복, 보수 후 장기 경과",125,24.93,57.04999999999999,6.0,0.0,3650.0
2026-01-03,22959_7977,35.831386992454185,127.14643989363843,0.10663167,낮음,"최근 7일 누적강수, 동결·융해 반복, 보수 후 장기 경과",126,24.93,57.04999999999999,6.0,0.0,3650.0
2026-01-03,22959_7978,35.83587854832914,127.14643989363843,0.10663167,낮음,"최근 7일 누적강수, 동결·융해 반복, 보수 후 장기 경과",127,24.93,57.04999999999999,6.0,0.0,3650.0
2026-01-03,22959_7965,35.77748832195473,127.14643989363843,0.10663167,낮음,"최근 7일 누적강수, 동결·융해 반복, 보수 후 장기 경과",128,24.93,57.04999999999999,6.0,0.0,3650.0
2026-01-03,22959_7971,35.80443765720445,127.14643989363843,0.10663167,낮음,"최근 7일 누적강수, 동결·융해 반복, 보수 후 장기 경과",129,24.93,57.04999999999999,6.0,0.0,3650.0
2026-01-03,22959_7969,35.79545454545455,127.14643989363843,0.10663167,낮음,"최근 7일 누적강수, 동결·융해 반복, 보수 후 장기 경과",130,24.93,57.04999999999999,6.0,0.0,3650.0
2026-01-03,22959_7976,35.82689543657923,127.14643989363843,0.10663167,낮음,"최근 7일 누적강수, 동결·융해 반복, 보수 후 장기 경과",131,24.93,57.04999999999999,6.0,0.0,3650.0
2026-01-03,22959_7974,35.81791232482932,127.14643989363843,0.10663167,낮음,"최근 7일 누적강수, 동결·융해 반복, 보수 후 장기 경과",132,24.93,57.04999999999999,6.0,0.0,3650.0
2026-01-03,22959_7973,35.813420768954366,127.14643989363843,0.10663167,낮음,"최근 7일 누적강수, 동결·융해 반복, 보수 후 장기 경과",133,24.93,57.04999999999999,6.0,0.0,3650.0
2026-01-03,22959_7975,35.82240388070428,127.14643989363843,0.10663167,낮음,"최근 7일 누적강수, 동결·융해 반복, 보수 후 장기 경과",134,24.93,57.04999999999999,6.0,0.0,3650.0
2026-01-03,22959_7988,35.88079410707869,127.14643989363843,0.10663167,낮음,"최근 7일 누적강수, 동결·융해 반복, 보수 후 장기 경과",135,24.93,57.04999999999999,6.0,0.0,3650.0
2026-01-03,22959_7986,35.87181099532878,127.14643989363843,0.10663167,낮음,"최근 7일 누적강수, 동결·융해 반복, 보수 후 장기 경과",136,24.93,57.04999999999999,6.0,0.0,3650.0
2026-01-03,22959_7987,35.876302551203736,127.14643989363843,0.10663167,낮음,"최근 7일 누적강수, 동결·융해 반복, 보수 후 장기 경과",137,24.93,57.04999999999999,6.0,0.0,3650.0
2026-01-03,22959_7984,35.86282788357887,127.14643989363843,0.10663167,낮음,"최근 7일 누적강수, 동결·융해 반복, 보수 후 장기 경과",138,24.93,57.04999999999999,6.0,0.0,3650.0
2026-01-03,22959_7983,35.85833632770392,127.14643989363843,0.10663167,낮음,"최근 7일 누적강수, 동결·융해 반복, 보수 후 장기 경과",139,24.93,57.04999999999999,6.0,0.0,3650.0
2026-01-03,22959_7980,35.844861660079054,127.14643989363843,0.10663167,낮음,"최근 7일 누적강수, 동결·융해 반복, 보수 후 장기 경과",140,24.93,57.04999999999999,6.0,0.0,3650.0
2026-01-03,22954_7981,35.849353215954004,127.11875060600289,0.10663167,낮음,"최근 7일 누적강수, 동결·융해 반복, 보수 후 장기 경과",141,24.93,57.04999999999999,6.0,0.0,3650.0
2026-01-03,22950_7986,35.87181099532878,127.09659917589445,0.10663167,낮음,"최근 7일 누적강수, 동결·융해 반복, 보수 후 장기 경과",142,24.93,57.04999999999999,6.0,0.0,3650.0
2026-01-03,22950_7988,35.88079410707869,127.09659917589445,0.10663167,낮음,"최근 7일 누적강수, 동결·융해 반복, 보수 후 장기 경과",143,24.93,57.04999999999999,6.0,0.0,3650.0
2026-01-03,22951_7975,35.82240388070428,127.10213703342157,0.10663167,낮음,"최근 7일 누적강수, 동결·융해 반복, 보수 후 장기 경과",144,24.93,57.04999999999999,6.0,0.0,3650.0
2026-01-03,22951_7965,35.77748832195473,127.10213703342157,0.10663167,낮음,"최근 7일 누적강수, 동결·융해 반복, 보수 후 장기 경과",145,24.93,57.04999999999999,6.0,0.0,3650.0
2026-01-03,22951_7986,35.87181099532878,127.10213703342157,0.10663167,낮음,"최근 7일 누적강수, 동결·융해 반복, 보수 후 장기 경과",146,24.93,57.04999999999999,6.0,0.0,3650.0
2026-01-03,22952_7975,35.82240388070428,127.10767489094867,0.10663167,낮음,"최근 7일 누적강수, 동결·융해 반복, 보수 후 장기 경과",147,24.93,57.04999999999999,6.0,0.0,3650.0
2026-01-03,22952_7967,35.786471433704634,127.10767489094867,0.10663167,낮음,"최근 7일 누적강수, 동결·융해 반복, 보수 후 장기 경과",148,24.93,57.04999999999999,6.0,0.0,3650.0
2026-01-03,22952_7966,35.78197987782968,127.10767489094867,0.10663167,낮음,"최근 7일 누적강수, 동결·융해 반복, 보수 후 장기 경과",149,24.93,57.04999999999999,6.0,0.0,3650.0
2026-01-03,22953_7967,35.786471433704634,127.11321274847579,0.10663167,낮음,"최근 7일 누적강수, 동결·융해 반복, 보수 후 장기 경과",150,24.93,57.04999999999999,6.0,0.0,3650.0
2026-01-03,22953_7975,35.82240388070428,127.11321274847579,0.10663167,낮음,"최근 7일 누적강수, 동결·융해 반복, 보수 후 장기 경과",151,24.93,57.04999999999999,6.0,0.0,3650.0
2026-01-03,22953_7982,35.85384477182896,127.11321274847579,0.10663167,낮음,"최근 7일 누적강수, 동결·융해 반복, 보수 후 장기 경과",152,24.93,57.04999999999999,6.0,0.0,3650.0
2026-01-03,22952_7984,35.86282788357887,127.10767489094867,0.10663167,낮음,"최근 7일 누적강수, 동결·융해 반복, 보수 후 장기 경과",153,24.93,57.04999999999999,6.0,0.0,3650.0
2026-01-03,22954_7970,35.7999461013295,127.11875060600289,0.10663167,낮음,"최근 7일 누적강수, 동결·융해 반복, 보수 후 장기 경과",154,24.93,57.04999999999999,6.0,0.0,3650.0
2026-01-03,22954_7969,35.79545454545455,127.11875060600289,0.10663167,낮음,"최근 7일 누적강수, 동결·융해 반복, 보수 후 장기 경과",155,24.93,57.04999999999999,6.0,0.0,3650.0
2026-01-03,22954_7968,35.79096298957959,127.11875060600289,0.10663167,낮음,"최근 7일 누적강수, 동결·융해 반복, 보수 후 장기 경과",156,24.93,57.04999999999999,6.0,0.0,3650.0
2026-01-03,22953_7983,35.85833632770392,127.11321274847579,0.10663167,낮음,"최근 7일 누적강수, 동결·융해 반복, 보수 후 장기 경과",157,24.93,57.04999999999999,6.0,0.0,3650.0
2026-01-03,22955_7981,35.849353215954004,127.12428846353,0.10663167,낮음,"최근 7일 누적강수, 동결·융해 반복, 보수 후 장기 경과",158,24.93,57.04999999999999,6.0,0.0,3650.0
2026-01-03,22956_7971,35.80443765720445,127.12982632105711,0.10663167,낮음,"최근 7일 누적강수, 동결·융해 반복, 보수 후 장기 경과",159,24.93,57.04999999999999,6.0,0.0,3650.0
2026-01-03,22956_7972,35.80892921307941,127.12982632105711,0.10663167,낮음,"최근 7일 누적강수, 동결·융해 반복, 보수 후 장기 경과",160,24.93,57.04999999999999,6.0,0.0,3650.0
2026-01-03,22956_7975,35.82240388070428,127.12982632105711,0.10663167,낮음,"최근 7일 누적강수, 동결·융해 반복, 보수 후 장기 경과",161,24.93,57.04999999999999,6.0,0.0,3650.0
2026-01-03,22955_7975,35.82240388070428,127.12428846353,0.10663167,낮음,"최근 7일 누적강수, 동결·융해 반복, 보수 후 장기 경과",162,24.93,57.04999999999999,6.0,0.0,3650.0
2026-01-03,22955_7971,35.80443765720445,127.12428846353,0.10663167,낮음,"최근 7일 누적강수, 동결·융해 반복, 보수 후 장기 경과",163,24.93,57.04999999999999,6.0,0.0,3650.0
2026-01-03,22954_7982,35.85384477182896,127.11875060600289,0.10663167,낮음,"최근 7일 누적강수, 동결·융해 반복, 보수 후 장기 경과",164,24.93,57.04999999999999,6.0,0.0,3650.0
2026-01-03,22946_7975,35.82240388070428,127.07444774578603,0.10663167,낮음,"최근 7일 누적강수, 동결·융해 반복, 보수 후 장기 경과",165,24.93,57.04999999999999,6.0,0.0,3650.0
2026-01-03,22950_7975,35.82240388070428,127.09659917589445,0.10663167,낮음,"최근 7일 누적강수, 동결·융해 반복, 보수 후 장기 경과",166,24.93,57.04999999999999,6.0,0.0,3650.0
2026-01-03,22945_7975,35.82240388070428,127.06890988825891,0.10663167,낮음,"최근 7일 누적강수, 동결·융해 반복, 보수 후 장기 경과",167,24.93,57.04999999999999,6.0,0.0,3650.0
2026-01-03,22950_7965,35.77748832195473,127.09659917589445,0.10663167,낮음,"최근 7일 누적강수, 동결·융해 반복, 보수 후 장기 경과",168,24.93,57.04999999999999,6.0,0.0,3650.0
2026-01-03,22950_7964,35.77299676607977,127.09659917589445,0.10663167,낮음,"최근 7일 누적강수, 동결·융해 반복, 보수 후 장기 경과",169,24.93,57.04999999999999,6.0,0.0,3650.0
2026-01-03,22949_7976,35.82689543657923,127.09106131836735,0.10663167,낮음,"최근 7일 누적강수, 동결·융해 반복, 보수 후 장기 경과",170,24.93,57.04999999999999,6.0,0.0,3650.0
2026-01-03,22949_7963,35.768505210204815,127.09106131836735,0.10663167,낮음,"최근 7일 누적강수, 동결·융해 반복, 보수 후 장기 경과",171,24.93,57.04999999999999,6.0,0.0,3650.0
2026-01-03,22948_7975,35.82240388070428,127.08552346084024,0.10663167,낮음,"최근 7일 누적강수, 동결·융해 반복, 보수 후 장기 경과",172,24.93,57.04999999999999,6.0,0.0,3650.0
2026-01-03,22947_7976,35.82689543657923,127.07998560331313,0.10663167,낮음,"최근 7일 누적강수, 동결·융해 반복, 보수 후 장기 경과",173,24.93,57.04999999999999,6.0,0.0,3650.0
2026-01-03,22871_8007,35.96613366870284,126.65910843125292,0.09383599,낮음,"동결·융해 반복, 보수 후 장기 경과",174,27.23,36.28000000000001,5.0,0.0,3650.0
2026-01-03,22881_8007,35.96613366870284,126.714487006524,0.09383599,낮음,"동결·융해 반복, 보수 후 장기 경과",175,27.23,36.28000000000001,5.0,0.0,3650.0
2026-01-03,22881_8012,35.988591448077614,126.714487006524,0.09383599,낮음,"동결·융해 반복, 보수 후 장기 경과",176,27.23,36.28000000000001,5.0,0.0,3650.0
2026-01-03,22882_8003,35.94816744520302,126.72002486405111,0.09383599,낮음,"동결·융해 반복, 보수 후 장기 경과",177,27.23,36.28000000000001,5.0,0.0,3650.0
2026-01-03,22878_7998,35.92570966582824,126.69787343394268,0.09383599,낮음,"동결·융해 반복, 보수 후 장기 경과",178,27.23,36.28000000000001,5.0,0.0,3650.0
2026-01-03,22878_8016,36.00655767157743,126.69787343394268,0.09383599,낮음,"동결·융해 반복, 보수 후 장기 경과",179,27.23,36.28000000000001,5.0,0.0,3650.0
2026-01-03,22879_7999,35.9302012217032,126.70341129146978,0.09383599,낮음,"동결·융해 반복, 보수 후 장기 경과",180,27.23,36.28000000000001,5.0,0.0,3650.0
2026-01-03,22879_8000,35.93469277757816,126.70341129146978,0.09383599,낮음,"동결·융해 반복, 보수 후 장기 경과",181,27.23,36.28000000000001,5.0,0.0,3650.0
2026-01-03,22879_8007,35.96613366870284,126.70341129146978,0.09383599,낮음,"동결·융해 반복, 보수 후 장기 경과",182,27.23,36.28000000000001,5.0,0.0,3650.0
2026-01-03,22879_8015,36.002066115702476,126.70341129146978,0.09383599,낮음,"동결·융해 반복, 보수 후 장기 경과",183,27.23,36.28000000000001,5.0,0.0,3650.0
2026-01-03,22879_8016,36.00655767157743,126.70341129146978,0.09383599,낮음,"동결·융해 반복, 보수 후 장기 경과",184,27.23,36.28000000000001,5.0,0.0,3650.0
2026-01-03,22880_8001,35.939184333453106,126.7089491489969,0.09383599,낮음,"동결·융해 반복, 보수 후 장기 경과",185,27.23,36.28000000000001,5.0,0.0,3650.0
2026-01-03,22880_8007,35.96613366870284,126.7089491489969,0.09383599,낮음,"동결·융해 반복, 보수 후 장기 경과",186,27.23,36.28000000000001,5.0,0.0,3650.0
2026-01-03,22880_8013,35.99308300395257,126.7089491489969,0.09383599,낮음,"동결·융해 반복, 보수 후 장기 경과",187,27.23,36.28000000000001,5.0,0.0,3650.0
2026-01-03,22880_8014,35.99757455982753,126.7089491489969,0.09383599,낮음,"동결·융해 반복, 보수 후 장기 경과",188,27.23,36.28000000000001,5.0,0.0,3650.0
2026-01-03,22881_8002,35.94367588932806,126.714487006524,0.09383599,낮음,"동결·융해 반복, 보수 후 장기 경과",189,27.23,36.28000000000001,5.0,0.0,3650.0
2026-01-03,22877_8018,36.015540783327346,126.69233557641557,0.09383599,낮음,"동결·융해 반복, 보수 후 장기 경과",190,27.23,36.28000000000001,5.0,0.0,3650.0
2026-01-03,22877_8017,36.01104922745239,126.69233557641557,0.09383599,낮음,"동결·융해 반복, 보수 후 장기 경과",191,27.23,36.28000000000001,5.0,0.0,3650.0
2026-01-03,22877_8007,35.96613366870284,126.69233557641557,0.09383599,낮음,"동결·융해 반복, 보수 후 장기 경과",192,27.23,36.28000000000001,5.0,0.0,3650.0
2026-01-03,22877_7998,35.92570966582824,126.69233557641557,0.09383599,낮음,"동결·융해 반복, 보수 후 장기 경과",193,27.23,36.28000000000001,5.0,0.0,3650.0
2026-01-03,22876_8018,36.015540783327346,126.68679771888846,0.09383599,낮음,"동결·융해 반복, 보수 후 장기 경과",194,27.23,36.28000000000001,5.0,0.0,3650.0
2026-01-03,22876_8007,35.96613366870284,126.68679771888846,0.09383599,낮음,"동결·융해 반복, 보수 후 장기 경과",195,27.23,36.28000000000001,5.0,0.0,3650.0
2026-01-03,22877_7997,35.92121810995329,126.69233557641557,0.09383599,낮음,"동결·융해 반복, 보수 후 장기 경과",196,27.23,36.28000000000001,5.0,0.0,3650.0
2026-01-03,22876_7996,35.91672655407833,126.68679771888846,0.09383599,낮음,"동결·융해 반복, 보수 후 장기 경과",197,27.23,36.28000000000001,5.0,0.0,3650.0
2026-01-03,22875_8008,35.970625224577795,126.68125986136135,0.09383599,낮음,"동결·융해 반복, 보수 후 장기 경과",198,27.23,36.28000000000001,5.0,0.0,3650.0
2026-01-03,22875_7995,35.91223499820338,126.68125986136135,0.09383599,낮음,"동결·융해 반복, 보수 후 장기 경과",199,27.23,36.28000000000001,5.0,0.0,3650.0
2026-01-03,22875_8020,36.02452389507725,126.68125986136135,0.09383599,낮음,"동결·융해 반복, 보수 후 장기 경과",200,27.23,36.28000000000001,5.0,0.0,3650.0
2026-01-03,22875_8019,36.0200323392023,126.68125986136135,0.09383599,낮음,"동결·융해 반복, 보수 후 장기 경과",201,27.23,36.28000000000001,5.0,0.0,3650.0
2026-01-03,22874_8007,35.96613366870284,126.67572200383424,0.09383599,낮음,"동결·융해 반복, 보수 후 장기 경과",202,27.23,36.28000000000001,5.0,0.0,3650.0
2026-01-03,22873_8007,35.96613366870284,126.67018414630714,0.09383599,낮음,"동결·융해 반복, 보수 후 장기 경과",203,27.23,36.28000000000001,5.0,0.0,3650.0
2026-01-03,22876_7995,35.91223499820338,126.68679771888846,0.09383599,낮음,"동결·융해 반복, 보수 후 장기 경과",204,27.23,36.28000000000001,5.0,0.0,3650.0
2026-01-03,22872_8007,35.96613366870284,126.66464628878002,0.09383599,낮음,"동결·융해 반복, 보수 후 장기 경과",205,27.23,36.28000000000001,5.0,0.0,3650.0
2026-01-03,22890_8001,35.939184333453106,126.76432772426797,0.09383599,낮음,"동결·융해 반복, 보수 후 장기 경과",206,27.23,36.28000000000001,5.0,0.0,3650.0
2026-01-03,22889_8012,35.988591448077614,126.75878986674087,0.09383599,낮음,"동결·융해 반복, 보수 후 장기 경과",207,27.23,36.28000000000001,5.0,0.0,3650.0
2026-01-03,22889_8007,35.96613366870284,126.75878986674087,0.09383599,낮음,"동결·융해 반복, 보수 후 장기 경과",208,27.23,36.28000000000001,5.0,0.0,3650.0
2026-01-03,22889_8002,35.94367588932806,126.75878986674087,0.09383599,낮음,"동결·융해 반복, 보수 후 장기 경과",209,27.23,36.28000000000001,5.0,0.0,3650.0
2026-01-03,22888_8011,35.98409989220266,126.75325200921375,0.09383599,낮음,"동결·융해 반복, 보수 후 장기 경과",210,27.23,36.28000000000001,5.0,0.0,3650.0
2026-01-03,22888_8008,35.970625224577795,126.75325200921375,0.09383599,낮음,"동결·융해 반복, 보수 후 장기 경과",211,27.23,36.28000000000001,5.0,0.0,3650.0
2026-01-03,22888_8004,35.952659001077976,126.75325200921375,0.09383599,낮음,"동결·융해 반복, 보수 후 장기 경과",212,27.23,36.28000000000001,5.0,0.0,3650.0
2026-01-03,22888_8003,35.94816744520302,126.75325200921375,0.09383599,낮음,"동결·융해 반복, 보수 후 장기 경과",213,27.23,36.28000000000001,5.0,0.0,3650.0
2026-01-03,22887_8010,35.9796083363277,126.74771415168665,0.09383599,낮음,"동결·융해 반복, 보수 후 장기 경과",214,27.23,36.28000000000001,5.0,0.0,3650.0
2026-01-03,22887_8007,35.96613366870284,126.74771415168665,0.09383599,낮음,"동결·융해 반복, 보수 후 장기 경과",215,27.23,36.28000000000001,5.0,0.0,3650.0
2026-01-03,22887_8006,35.96164211282788,126.74771415168665,0.09383599,낮음,"동결·융해 반복, 보수 후 장기 경과",216,27.23,36.28000000000001,5.0,0.0,3650.0
2026-01-03,22887_8005,35.957150556952925,126.74771415168665,0.09383599,낮음,"동결·융해 반복, 보수 후 장기 경과",217,27.23,36.28000000000001,5.0,0.0,3650.0
2026-01-03,22894_8017,36.01104922745239,126.78647915437641,0.09383599,낮음,"동결·융해 반복, 보수 후 장기 경과",218,27.23,36.28000000000001,5.0,0.0,3650.0
2026-01-03,22894_8007,35.96613366870284,126.78647915437641,0.09383599,낮음,"동결·융해 반복, 보수 후 장기 경과",219,27.23,36.28000000000001,5.0,0.0,3650.0
2026-01-03,22894_7997,35.92121810995329,126.78647915437641,0.09383599,낮음,"동결·융해 반복, 보수 후 장기 경과",220,27.23,36.28000000000001,5.0,0.0,3650.0
2026-01-03,22894_7996,35.91672655407833,126.78647915437641,0.09383599,낮음,"동결·융해 반복, 보수 후 장기 경과",221,27.23,36.28000000000001,5.0,0.0,3650.0
2026-01-03,22893_8007,35.96613366870284,126.78094129684929,0.09383599,낮음,"동결·융해 반복, 보수 후 장기 경과",222,27.23,36.28000000000001,5.0,0.0,3650.0
2026-01-03,22893_7998,35.92570966582824,126.78094129684929,0.09383599,낮음,"동결·융해 반복, 보수 후 장기 경과",223,27.23,36.28000000000001,5.0,0.0,3650.0
2026-01-03,22892_8016,36.00655767157743,126.77540343932219,0.09383599,낮음,"동결·융해 반복, 보수 후 장기 경과",224,27.23,36.28000000000001,5.0,0.0,3650.0
2026-01-03,22890_8002,35.94367588932806,126.76432772426797,0.09383599,낮음,"동결·융해 반복, 보수 후 장기 경과",225,27.23,36.28000000000001,5.0,0.0,3650.0
2026-01-03,22885_8012,35.988591448077614,126.73663843663243,0.09383599,낮음,"동결·융해 반복, 보수 후 장기 경과",226,27.23,36.28000000000001,5.0,0.0,3650.0
2026-01-03,22890_8007,35.96613366870284,126.76432772426797,0.09383599,낮음,"동결·융해 반복, 보수 후 장기 경과",227,27.23,36.28000000000001,5.0,0.0,3650.0
2026-01-03,22890_8013,35.99308300395257,126.76432772426797,0.09383599,낮음,"동결·융해 반복, 보수 후 장기 경과",228,27.23,36.28000000000001,5.0,0.0,3650.0
2026-01-03,22890_8014,35.99757455982753,126.76432772426797,0.09383599,낮음,"동결·융해 반복, 보수 후 장기 경과",229,27.23,36.28000000000001,5.0,0.0,3650.0
2026-01-03,22885_8017,36.01104922745239,126.73663843663243,0.09383599,낮음,"동결·융해 반복, 보수 후 장기 경과",230,27.23,36.28000000000001,5.0,0.0,3650.0
2026-01-03,22885_8018,36.015540783327346,126.73663843663243,0.09383599,낮음,"동결·융해 반복, 보수 후 장기 경과",231,27.23,36.28000000000001,5.0,0.0,3650.0
2026-01-03,22885_8019,36.0200323392023,126.73663843663243,0.09383599,낮음,"동결·융해 반복, 보수 후 장기 경과",232,27.23,36.28000000000001,5.0,0.0,3650.0
2026-01-03,22885_8020,36.02452389507725,126.73663843663243,0.09383599,낮음,"동결·융해 반복, 보수 후 장기 경과",233,27.23,36.28000000000001,5.0,0.0,3650.0
2026-01-03,22885_8021,36.02901545095221,126.73663843663243,0.09383599,낮음,"동결·융해 반복, 보수 후 장기 경과",234,27.23,36.28000000000001,5.0,0.0,3650.0
2026-01-03,22885_8013,35.99308300395257,126.73663843663243,0.09383599,낮음,"동결·융해 반복, 보수 후 장기 경과",235,27.23,36.28000000000001,5.0,0.0,3650.0
2026-01-03,22885_8015,36.002066115702476,126.73663843663243,0.09383599,낮음,"동결·융해 반복, 보수 후 장기 경과",236,27.23,36.28000000000001,5.0,0.0,3650.0
2026-01-03,22885_8016,36.00655767157743,126.73663843663243,0.09383599,낮음,"동결·융해 반복, 보수 후 장기 경과",237,27.23,36.28000000000001,5.0,0.0,3650.0
2026-01-03,22882_8007,35.96613366870284,126.72002486405111,0.09383599,낮음,"동결·융해 반복, 보수 후 장기 경과",238,27.23,36.28000000000001,5.0,0.0,3650.0
2026-01-03,22882_8004,35.952659001077976,126.72002486405111,0.09383599,낮음,"동결·융해 반복, 보수 후 장기 경과",239,27.23,36.28000000000001,5.0,0.0,3650.0
2026-01-03,22885_8011,35.98409989220266,126.73663843663243,0.09383599,낮음,"동결·융해 반복, 보수 후 장기 경과",240,27.23,36.28000000000001,5.0,0.0,3650.0
2026-01-03,22885_8009,35.97511678045275,126.73663843663243,0.09383599,낮음,"동결·융해 반복, 보수 후 장기 경과",241,27.23,36.28000000000001,5.0,0.0,3650.0
2026-01-03,22885_8008,35.970625224577795,126.73663843663243,0.09383599,낮음,"동결·융해 반복, 보수 후 장기 경과",242,27.23,36.28000000000001,5.0,0.0,3650.0
2026-01-03,22885_8006,35.96164211282788,126.73663843663243,0.09383599,낮음,"동결·융해 반복, 보수 후 장기 경과",243,27.23,36.28000000000001,5.0,0.0,3650.0
2026-01-03,22885_8005,35.957150556952925,126.73663843663243,0.09383599,낮음,"동결·융해 반복, 보수 후 장기 경과",244,27.23,36.28000000000001,5.0,0.0,3650.0
2026-01-03,22885_8004,35.952659001077976,126.73663843663243,0.09383599,낮음,"동결·융해 반복, 보수 후 장기 경과",245,27.23,36.28000000000001,5.0,0.0,3650.0
2026-01-03,22885_8002,35.94367588932806,126.73663843663243,0.09383599,낮음,"동결·융해 반복, 보수 후 장기 경과",246,27.23,36.28000000000001,5.0,0.0,3650.0
2026-01-03,22885_8000,35.93469277757816,126.73663843663243,0.09383599,낮음,"동결·융해 반복, 보수 후 장기 경과",247,27.23,36.28000000000001,5.0,0.0,3650.0
2026-01-03,22885_7999,35.9302012217032,126.73663843663243,0.09383599,낮음,"동결·융해 반복, 보수 후 장기 경과",248,27.23,36.28000000000001,5.0,0.0,3650.0
2026-01-03,22885_7998,35.92570966582824,126.73663843663243,0.09383599,낮음,"동결·융해 반복, 보수 후 장기 경과",249,27.23,36.28000000000001,5.0,0.0,3650.0
2026-01-03,22885_7997,35.92121810995329,126.73663843663243,0.09383599,낮음,"동결·융해 반복, 보수 후 장기 경과",250,27.23,36.28000000000001,5.0,0.0,3650.0
2026-01-03,22886_8009,35.97511678045275,126.74217629415953,0.09383599,낮음,"동결·융해 반복, 보수 후 장기 경과",251,27.23,36.28000000000001,5.0,0.0,3650.0
2026-01-03,22886_8007,35.96613366870284,126.74217629415953,0.09383599,낮음,"동결·융해 반복, 보수 후 장기 경과",252,27.23,36.28000000000001,5.0,0.0,3650.0
2026-01-03,22886_8006,35.96164211282788,126.74217629415953,0.09383599,낮음,"동결·융해 반복, 보수 후 장기 경과",253,27.23,36.28000000000001,5.0,0.0,3650.0
2026-01-03,22885_8025,36.04698167445203,126.73663843663243,0.09383599,낮음,"동결·융해 반복, 보수 후 장기 경과",254,27.23,36.28000000000001,5.0,0.0,3650.0
2026-01-03,22885_8024,36.04249011857708,126.73663843663243,0.09383599,낮음,"동결·융해 반복, 보수 후 장기 경과",255,27.23,36.28000000000001,5.0,0.0,3650.0
2026-01-03,22885_8023,36.03799856270212,126.73663843663243,0.09383599,낮음,"동결·융해 반복, 보수 후 장기 경과",256,27.23,36.28000000000001,5.0,0.0,3650.0
2026-01-03,22885_7993,35.90325188645347,126.73663843663243,0.09383599,낮음,"동결·융해 반복, 보수 후 장기 경과",257,27.23,36.28000000000001,5.0,0.0,3650.0
2026-01-03,22884_8009,35.97511678045275,126.73110057910533,0.09383599,낮음,"동결·융해 반복, 보수 후 장기 경과",258,27.23,36.28000000000001,5.0,0.0,3650.0
2026-01-03,22885_7990,35.889777218828605,126.73663843663243,0.09383599,낮음,"동결·융해 반복, 보수 후 장기 경과",259,27.23,36.28000000000001,5.0,0.0,3650.0
2026-01-03,22885_7991,35.894268774703555,126.73663843663243,0.09383599,낮음,"동결·융해 반복, 보수 후 장기 경과",260,27.23,36.28000000000001,5.0,0.0,3650.0
2026-01-03,22885_7992,35.89876033057851,126.73663843663243,0.09383599,낮음,"동결·융해 반복, 보수 후 장기 경과",261,27.23,36.28000000000001,5.0,0.0,3650.0
2026-01-03,22883_8010,35.9796083363277,126.72556272157821,0.09383599,낮음,"동결·융해 반복, 보수 후 장기 경과",262,27.23,36.28000000000001,5.0,0.0,3650.0
2026-01-03,22883_8007,35.96613366870284,126.72556272157821,0.09383599,낮음,"동결·융해 반복, 보수 후 장기 경과",263,27.23,36.28000000000001,5.0,0.0,3650.0
2026-01-03,22883_8005,35.957150556952925,126.72556272157821,0.09383599,낮음,"동결·융해 반복, 보수 후 장기 경과",264,27.23,36.28000000000001,5.0,0.0,3650.0
2026-01-03,22884_8005,35.957150556952925,126.73110057910533,0.09383599,낮음,"동결·융해 반복, 보수 후 장기 경과",265,27.23,36.28000000000001,5.0,0.0,3650.0
2026-01-03,22882_8011,35.98409989220266,126.72002486405111,0.09383599,낮음,"동결·융해 반복, 보수 후 장기 경과",266,27.23,36.28000000000001,5.0,0.0,3650.0
2026-01-03,22884_8006,35.96164211282788,126.73110057910533,0.09383599,낮음,"동결·융해 반복, 보수 후 장기 경과",267,27.23,36.28000000000001,5.0,0.0,3650.0
2026-01-03,22884_8007,35.96613366870284,126.73110057910533,0.09383599,낮음,"동결·융해 반복, 보수 후 장기 경과",268,27.23,36.28000000000001,5.0,0.0,3650.0
2026-01-03,22884_8008,35.970625224577795,126.73110057910533,0.09383599,낮음,"동결·융해 반복, 보수 후 장기 경과",269,27.23,36.28000000000001,5.0,0.0,3650.0
2026-01-03,22897_8007,35.96613366870284,126.80309272695773,0.09383599,낮음,"동결·융해 반복, 보수 후 장기 경과",270,27.23,36.28000000000001,5.0,0.0,3650.0
2026-01-03,22895_8020,36.02452389507725,126.79201701190351,0.09383599,낮음,"동결·융해 반복, 보수 후 장기 경과",271,27.23,36.28000000000001,5.0,0.0,3650.0
2026-01-03,22895_8019,36.0200323392023,126.79201701190351,0.09383599,낮음,"동결·융해 반복, 보수 후 장기 경과",272,27.23,36.28000000000001,5.0,0.0,3650.0
2026-01-03,22892_8007,35.96613366870284,126.77540343932219,0.09383599,낮음,"동결·융해 반복, 보수 후 장기 경과",273,27.23,36.28000000000001,5.0,0.0,3650.0
2026-01-03,22892_7998,35.92570966582824,126.77540343932219,0.09383599,낮음,"동결·융해 반복, 보수 후 장기 경과",274,27.23,36.28000000000001,5.0,0.0,3650.0
2026-01-03,22891_8015,36.002066115702476,126.76986558179507,0.09383599,낮음,"동결·융해 반복, 보수 후 장기 경과",275,27.23,36.28000000000001,5.0,0.0,3650.0
2026-01-03,22891_8000,35.93469277757816,126.76986558179507,0.09383599,낮음,"동결·융해 반복, 보수 후 장기 경과",276,27.23,36.28000000000001,5.0,0.0,3650.0
2026-01-03,22891_7999,35.9302012217032,126.76986558179507,0.09383599,낮음,"동결·융해 반복, 보수 후 장기 경과",277,27.23,36.28000000000001,5.0,0.0,3650.0
2026-01-03,22895_7995,35.91223499820338,126.79201701190351,0.09383599,낮음,"동결·융해 반복, 보수 후 장기 경과",278,27.23,36.28000000000001,5.0,0.0,3650.0
2026-01-03,22894_8019,36.0200323392023,126.78647915437641,0.09383599,낮음,"동결·융해 반복, 보수 후 장기 경과",279,27.23,36.28000000000001,5.0,0.0,3650.0
2026-01-03,22899_8007,35.96613366870284,126.81416844201195,0.09383599,낮음,"동결·융해 반복, 보수 후 장기 경과",280,27.23,36.28000000000001,5.0,0.0,3650.0
2026-01-03,22895_7996,35.91672655407833,126.79201701190351,0.09383599,낮음,"동결·융해 반복, 보수 후 장기 경과",281,27.23,36.28000000000001,5.0,0.0,3650.0
2026-01-03,22898_8008,35.970625224577795,126.80863058448483,0.09383599,낮음,"동결·융해 반복, 보수 후 장기 경과",282,27.23,36.28000000000001,5.0,0.0,3650.0
2026-01-03,23000_7880,35.39570607258354,127.37349205224986,0.040782128,낮음,"동결·융해 반복, 보수 후 장기 경과",283,28.16,28.160000000000007,7.0,0.0,3650.0
2026-01-03,23000_7884,35.41367229608336,127.37349205224986,0.040782128,낮음,"동결·융해 반복, 보수 후 장기 경과",284,28.16,28.160000000000007,7.0,0.0,3650.0
2026-01-03,23000_7881,35.4001976284585,127.37349205224986,0.040782128,낮음,"동결·융해 반복, 보수 후 장기 경과",285,28.16,28.160000000000007,7.0,0.0,3650.0
2026-01-03,22996_7893,35.45409629895796,127.35134062214144,0.040782128,낮음,"동결·융해 반복, 보수 후 장기 경과",286,28.16,28.160000000000007,7.0,0.0,3650.0
2026-01-03,22997_7877,35.38223140495868,127.35687847966854,0.040782128,낮음,"동결·융해 반복, 보수 후 장기 경과",287,28.16,28.160000000000007,7.0,0.0,3650.0
2026-01-03,22997_7878,35.38672296083363,127.35687847966854,0.040782128,낮음,"동결·융해 반복, 보수 후 장기 경과",288,28.16,28.160000000000007,7.0,0.0,3650.0
2026-01-03,22997_7885,35.41816385195832,127.35687847966854,0.040782128,낮음,"동결·융해 반복, 보수 후 장기 경과",289,28.16,28.160000000000007,7.0,0.0,3650.0
2026-01-03,22997_7892,35.44960474308301,127.35687847966854,0.040782128,낮음,"동결·융해 반복, 보수 후 장기 경과",290,28.16,28.160000000000007,7.0,0.0,3650.0
2026-01-03,22998_7878,35.38672296083363,127.36241633719565,0.040782128,낮음,"동결·융해 반복, 보수 후 장기 경과",291,28.16,28.160000000000007,7.0,0.0,3650.0
2026-01-03,22998_7879,35.39121451670859,127.36241633719565,0.040782128,낮음,"동결·융해 반복, 보수 후 장기 경과",292,28.16,28.160000000000007,7.0,0.0,3650.0
2026-01-03,22998_7884,35.41367229608336,127.36241633719565,0.040782128,낮음,"동결·융해 반복, 보수 후 장기 경과",293,28.16,28.160000000000007,7.0,0.0,3650.0
2026-01-03,22998_7891,35.44511318720805,127.36241633719565,0.040782128,낮음,"동결·융해 반복, 보수 후 장기 경과",294,28.16,28.160000000000007,7.0,0.0,3650.0
2026-01-03,22999_7880,35.39570607258354,127.36795419472276,0.040782128,낮음,"동결·융해 반복, 보수 후 장기 경과",295,28.16,28.160000000000007,7.0,0.0,3650.0
2026-01-03,22999_7885,35.41816385195832,127.36795419472276,0.040782128,낮음,"동결·융해 반복, 보수 후 장기 경과",296,28.16,28.160000000000007,7.0,0.0,3650.0
2026-01-03,22999_7890,35.440621631333094,127.36795419472276,0.040782128,낮음,"동결·융해 반복, 보수 후 장기 경과",297,28.16,28.160000000000007,7.0,0.0,3650.0
2026-01-03,23003_7872,35.359773625583905,127.3901056248312,0.040782128,낮음,"동결·융해 반복, 보수 후 장기 경과",298,28.16,28.160000000000007,7.0,0.0,3650.0
2026-01-03,23003_7875,35.37324829320877,127.3901056248312,0.040782128,낮음,"동결·융해 반복, 보수 후 장기 경과",299,28.16,28.160000000000007,7.0,0.0,3650.0
2026-01-03,23003_7876,35.377739849083724,127.3901056248312,0.040782128,낮음,"동결·융해 반복, 보수 후 장기 경과",300,28.16,28.160000000000007,7.0,0.0,3650.0
2026-01-03,23003_7878,35.38672296083363,127.3901056248312,0.040782128,낮음,"동결·융해 반복, 보수 후 장기 경과",301,28.16,28.160000000000007,7.0,0.0,3650.0
2026-01-03,23003_7879,35.39121451670859,127.3901056248312,0.040782128,낮음,"동결·융해 반복, 보수 후 장기 경과",302,28.16,28.160000000000007,7.0,0.0,3650.0
2026-01-03,23003_7880,35.39570607258354,127.3901056248312,0.040782128,낮음,"동결·융해 반복, 보수 후 장기 경과",303,28.16,28.160000000000007,7.0,0.0,3650.0
2026-01-03,23003_7881,35.4001976284585,127.3901056248312,0.040782128,낮음,"동결·융해 반복, 보수 후 장기 경과",304,28.16,28.160000000000007,7.0,0.0,3650.0
2026-01-03,23003_7882,35.404689184333456,127.3901056248312,0.040782128,낮음,"동결·융해 반복, 보수 후 장기 경과",305,28.16,28.160000000000007,7.0,0.0,3650.0
2026-01-03,23003_7883,35.409180740208406,127.3901056248312,0.040782128,낮음,"동결·융해 반복, 보수 후 장기 경과",306,28.16,28.160000000000007,7.0,0.0,3650.0
2026-01-03,23003_7884,35.41367229608336,127.3901056248312,0.040782128,낮음,"동결·융해 반복, 보수 후 장기 경과",307,28.16,28.160000000000007,7.0,0.0,3650.0
2026-01-03,23003_7885,35.41816385195832,127.3901056248312,0.040782128,낮음,"동결·융해 반복, 보수 후 장기 경과",308,28.16,28.160000000000007,7.0,0.0,3650.0
2026-01-03,23003_7886,35.422655407833275,127.3901056248312,0.040782128,낮음,"동결·융해 반복, 보수 후 장기 경과",309,28.16,28.160000000000007,7.0,0.0,3650.0
2026-01-03,23003_7889,35.43613007545814,127.3901056248312,0.040782128,낮음,"동결·융해 반복, 보수 후 장기 경과",310,28.16,28.160000000000007,7.0,0.0,3650.0
2026-01-03,23003_7891,35.44511318720805,127.3901056248312,0.040782128,낮음,"동결·융해 반복, 보수 후 장기 경과",311,28.16,28.160000000000007,7.0,0.0,3650.0
2026-01-03,23003_7893,35.45409629895796,127.3901056248312,0.040782128,낮음,"동결·융해 반복, 보수 후 장기 경과",312,28.16,28.160000000000007,7.0,0.0,3650.0
2026-01-03,23003_7894,35.45858785483291,127.3901056248312,0.040782128,낮음,"동결·융해 반복, 보수 후 장기 경과",313,28.16,28.160000000000007,7.0,0.0,3650.0
2026-01-03,23003_7895,35.46307941070787,127.3901056248312,0.040782128,낮음,"동결·융해 반복, 보수 후 장기 경과",314,28.16,28.160000000000007,7.0,0.0,3650.0
2026-01-03,23003_7896,35.46757096658283,127.3901056248312,0.040782128,낮음,"동결·융해 반복, 보수 후 장기 경과",315,28.16,28.160000000000007,7.0,0.0,3650.0
2026-01-03,23003_7897,35.47206252245778,127.3901056248312,0.040782128,낮음,"동결·융해 반복, 보수 후 장기 경과",316,28.16,28.160000000000007,7.0,0.0,3650.0
2026-01-03,23003_7898,35.47655407833273,127.3901056248312,0.040782128,낮음,"동결·융해 반복, 보수 후 장기 경과",317,28.16,28.160000000000007,7.0,0.0,3650.0
2026-01-03,23003_7899,35.48104563420769,127.3901056248312,0.040782128,낮음,"동결·융해 반복, 보수 후 장기 경과",318,28.16,28.160000000000007,7.0,0.0,3650.0
2026-01-03,23003_7900,35.485537190082646,127.3901056248312,0.040782128,낮음,"동결·융해 반복, 보수 후 장기 경과",319,28.16,28.160000000000007,7.0,0.0,3650.0
2026-01-03,23003_7901,35.4900287459576,127.3901056248312,0.040782128,낮음,"동결·융해 반복, 보수 후 장기 경과",320,28.16,28.160000000000007,7.0,0.0,3650.0
2026-01-03,23011_7894,35.45858785483291,127.43440848504805,0.040782128,낮음,"동결·융해 반복, 보수 후 장기 경과",321,28.16,28.160000000000007,7.0,0.0,3650.0
2026-01-03,23011_7884,35.41367229608336,127.43440848504805,0.040782128,낮음,"동결·융해 반복, 보수 후 장기 경과",322,28.16,28.160000000000007,7.0,0.0,3650.0
2026-01-03,23011_7875,35.37324829320877,127.43440848504805,0.040782128,낮음,"동결·융해 반복, 보수 후 장기 경과",323,28.16,28.160000000000007,7.0,0.0,3650.0
2026-01-03,23010_7894,35.45858785483291,127.42887062752095,0.040782128,낮음,"동결·융해 반복, 보수 후 장기 경과",324,28.16,28.160000000000007,7.0,0.0,3650.0
2026-01-03,23011_7885,35.41816385195832,127.43440848504805,0.040782128,낮음,"동결·융해 반복, 보수 후 장기 경과",325,28.16,28.160000000000007,7.0,0.0,3650.0
2026-01-03,23010_7893,35.45409629895796,127.42887062752095,0.040782128,낮음,"동결·융해 반복, 보수 후 장기 경과",326,28.16,28.160000000000007,7.0,0.0,3650.0
2026-01-03,23010_7885,35.41816385195832,127.42887062752095,0.040782128,낮음,"동결·융해 반복, 보수 후 장기 경과",327,28.16,28.160000000000007,7.0,0.0,3650.0
2026-01-03,23009_7892,35.44960474308301,127.42333276999383,0.040782128,낮음,"동결·융해 반복, 보수 후 장기 경과",328,28.16,28.160000000000007,7.0,0.0,3650.0
2026-01-03,23010_7876,35.377739849083724,127.42887062752095,0.040782128,낮음,"동결·융해 반복, 보수 후 장기 경과",329,28.16,28.160000000000007,7.0,0.0,3650.0
2026-01-03,23009_7885,35.41816385195832,127.42333276999383,0.040782128,낮음,"동결·융해 반복, 보수 후 장기 경과",330,28.16,28.160000000000007,7.0,0.0,3650.0
2026-01-03,23009_7877,35.38223140495868,127.42333276999383,0.040782128,낮음,"동결·융해 반복, 보수 후 장기 경과",331,28.16,28.160000000000007,7.0,0.0,3650.0
2026-01-03,23008_7890,35.440621631333094,127.41779491246673,0.040782128,낮음,"동결·융해 반복, 보수 후 장기 경과",332,28.16,28.160000000000007,7.0,0.0,3650.0
2026-01-03,23008_7885,35.41816385195832,127.41779491246673,0.040782128,낮음,"동결·융해 반복, 보수 후 장기 경과",333,28.16,28.160000000000007,7.0,0.0,3650.0
2026-01-03,23006_7880,35.39570607258354,127.40671919741251,0.040782128,낮음,"동결·융해 반복, 보수 후 장기 경과",334,28.16,28.160000000000007,7.0,0.0,3650.0
2026-01-03,23006_7881,35.4001976284585,127.40671919741251,0.040782128,낮음,"동결·융해 반복, 보수 후 장기 경과",335,28.16,28.160000000000007,7.0,0.0,3650.0
2026-01-03,23006_7885,35.41816385195832,127.40671919741251,0.040782128,낮음,"동결·융해 반복, 보수 후 장기 경과",336,28.16,28.160000000000007,7.0,0.0,3650.0
2026-01-03,23004_7886,35.422655407833275,127.3956434823583,0.040782128,낮음,"동결·융해 반복, 보수 후 장기 경과",337,28.16,28.160000000000007,7.0,0.0,3650.0
2026-01-03,23005_7882,35.404689184333456,127.4011813398854,0.040782128,낮음,"동결·융해 반복, 보수 후 장기 경과",338,28.16,28.160000000000007,7.0,0.0,3650.0
2026-01-03,23005_7883,35.409180740208406,127.4011813398854,0.040782128,낮음,"동결·융해 반복, 보수 후 장기 경과",339,28.16,28.160000000000007,7.0,0.0,3650.0
2026-01-03,23005_7884,35.41367229608336,127.4011813398854,0.040782128,낮음,"동결·융해 반복, 보수 후 장기 경과",340,28.16,28.160000000000007,7.0,0.0,3650.0
2026-01-03,23005_7887,35.42714696370823,127.4011813398854,0.040782128,낮음,"동결·융해 반복, 보수 후 장기 경과",341,28.16,28.160000000000007,7.0,0.0,3650.0
2026-01-03,23006_7889,35.43613007545814,127.40671919741251,0.040782128,낮음,"동결·융해 반복, 보수 후 장기 경과",342,28.16,28.160000000000007,7.0,0.0,3650.0
2026-01-03,23007_7880,35.39570607258354,127.41225705493962,0.040782128,낮음,"동결·융해 반복, 보수 후 장기 경과",343,28.16,28.160000000000007,7.0,0.0,3650.0
2026-01-03,23018_7885,35.41816385195832,127.47317348773781,0.040782128,낮음,"동결·융해 반복, 보수 후 장기 경과",344,28.16,28.160000000000007,7.0,0.0,3650.0
2026-01-03,23006_7888,35.43163851958318,127.40671919741251,0.040782128,낮음,"동결·융해 반복, 보수 후 장기 경과",345,28.16,28.160000000000007,7.0,0.0,3650.0
2026-01-03,23004_7884,35.41367229608336,127.3956434823583,0.040782128,낮음,"동결·융해 반복, 보수 후 장기 경과",346,28.16,28.160000000000007,7.0,0.0,3650.0
2026-01-03,23004_7885,35.41816385195832,127.3956434823583,0.040782128,낮음,"동결·융해 반복, 보수 후 장기 경과",347,28.16,28.160000000000007,7.0,0.0,3650.0
2026-01-03,23003_7902,35.49452030183255,127.3901056248312,0.040782128,낮음,"동결·융해 반복, 보수 후 장기 경과",348,28.16,28.160000000000007,7.0,0.0,3650.0
2026-01-03,23000_7888,35.43163851958318,127.37349205224986,0.040782128,낮음,"동결·융해 반복, 보수 후 장기 경과",349,28.16,28.160000000000007,7.0,0.0,3650.0
2026-01-03,23000_7889,35.43613007545814,127.37349205224986,0.040782128,낮음,"동결·융해 반복, 보수 후 장기 경과",350,28.16,28.160000000000007,7.0,0.0,3650.0
2026-01-03,23001_7882,35.404689184333456,127.37902990977697,0.040782128,낮음,"동결·융해 반복, 보수 후 장기 경과",351,28.16,28.160000000000007,7.0,0.0,3650.0
2026-01-03,23001_7885,35.41816385195832,127.37902990977697,0.040782128,낮음,"동결·융해 반복, 보수 후 장기 경과",352,28.16,28.160000000000007,7.0,0.0,3650.0
2026-01-03,23001_7887,35.42714696370823,127.37902990977697,0.040782128,낮음,"동결·융해 반복, 보수 후 장기 경과",353,28.16,28.160000000000007,7.0,0.0,3650.0
2026-01-03,23002_7883,35.409180740208406,127.38456776730408,0.040782128,낮음,"동결·융해 반복, 보수 후 장기 경과",354,28.16,28.160000000000007,7.0,0.0,3650.0
2026-01-03,23002_7885,35.41816385195832,127.38456776730408,0.040782128,낮음,"동결·융해 반복, 보수 후 장기 경과",355,28.16,28.160000000000007,7.0,0.0,3650.0
2026-01-03,23002_7886,35.422655407833275,127.38456776730408,0.040782128,낮음,"동결·융해 반복, 보수 후 장기 경과",356,28.16,28.160000000000007,7.0,0.0,3650.0
2026-01-03,23002_7887,35.42714696370823,127.38456776730408,0.040782128,낮음,"동결·융해 반복, 보수 후 장기 경과",357,28.16,28.160000000000007,7.0,0.0,3650.0
2026-01-03,23003_7867,35.33731584620913,127.3901056248312,0.040782128,낮음,"동결·융해 반복, 보수 후 장기 경과",358,28.16,28.160000000000007,7.0,0.0,3650.0
2026-01-03,23003_7868,35.34180740208408,127.3901056248312,0.040782128,낮음,"동결·융해 반복, 보수 후 장기 경과",359,28.16,28.160000000000007,7.0,0.0,3650.0
2026-01-03,23003_7869,35.346298957959036,127.3901056248312,0.040782128,낮음,"동결·융해 반복, 보수 후 장기 경과",360,28.16,28.160000000000007,7.0,0.0,3650.0
2026-01-03,23003_7870,35.35079051383399,127.3901056248312,0.040782128,낮음,"동결·융해 반복, 보수 후 장기 경과",361,28.16,28.160000000000007,7.0,0.0,3650.0
2026-01-03,22989_7885,35.41816385195832,127.31257561945168,0.040782128,낮음,"동결·융해 반복, 보수 후 장기 경과",362,28.16,28.160000000000007,7.0,0.0,3650.0
2026-01-03,22990_7884,35.41367229608336,127.31811347697878,0.040782128,낮음,"동결·융해 반복, 보수 후 장기 경과",363,28.16,28.160000000000007,7.0,0.0,3650.0
2026-01-03,22990_7885,35.41816385195832,127.31811347697878,0.040782128,낮음,"동결·융해 반복, 보수 후 장기 경과",364,28.16,28.160000000000007,7.0,0.0,3650.0
2026-01-03,22996_7884,35.41367229608336,127.35134062214144,0.040782128,낮음,"동결·융해 반복, 보수 후 장기 경과",365,28.16,28.160000000000007,7.0,0.0,3650.0
2026-01-03,22991_7885,35.41816385195832,127.3236513345059,0.040782128,낮음,"동결·융해 반복, 보수 후 장기 경과",366,28.16,28.160000000000007,7.0,0.0,3650.0
2026-01-03,22992_7884,35.41367229608336,127.329189192033,0.040782128,낮음,"동결·융해 반복, 보수 후 장기 경과",367,28.16,28.160000000000007,7.0,0.0,3650.0
2026-01-03,22993_7872,35.359773625583905,127.3347270495601,0.040782128,낮음,"동결·융해 반복, 보수 후 장기 경과",368,28.16,28.160000000000007,7.0,0.0,3650.0
2026-01-03,22993_7873,35.364265181458855,127.3347270495601,0.040782128,낮음,"동결·융해 반복, 보수 후 장기 경과",369,28.16,28.160000000000007,7.0,0.0,3650.0
2026-01-03,22993_7885,35.41816385195832,127.3347270495601,0.040782128,낮음,"동결·융해 반복, 보수 후 장기 경과",370,28.16,28.160000000000007,7.0,0.0,3650.0
2026-01-03,22994_7873,35.364265181458855,127.34026490708722,0.040782128,낮음,"동결·융해 반복, 보수 후 장기 경과",371,28.16,28.160000000000007,7.0,0.0,3650.0
2026-01-03,22994_7874,35.36875673733381,127.34026490708722,0.040782128,낮음,"동결·융해 반복, 보수 후 장기 경과",372,28.16,28.160000000000007,7.0,0.0,3650.0
2026-01-03,22994_7885,35.41816385195832,127.34026490708722,0.040782128,낮음,"동결·융해 반복, 보수 후 장기 경과",373,28.16,28.160000000000007,7.0,0.0,3650.0
2026-01-03,22994_7895,35.46307941070787,127.34026490708722,0.040782128,낮음,"동결·융해 반복, 보수 후 장기 경과",374,28.16,28.160000000000007,7.0,0.0,3650.0
2026-01-03,22995_7875,35.37324829320877,127.34580276461432,0.040782128,낮음,"동결·융해 반복, 보수 후 장기 경과",375,28.16,28.160000000000007,7.0,0.0,3650.0
2026-01-03,22995_7884,35.41367229608336,127.34580276461432,0.040782128,낮음,"동결·융해 반복, 보수 후 장기 경과",376,28.16,28.160000000000007,7.0,0.0,3650.0
2026-01-03,22995_7894,35.45858785483291,127.34580276461432,0.040782128,낮음,"동결·융해 반복, 보수 후 장기 경과",377,28.16,28.160000000000007,7.0,0.0,3650.0
2026-01-03,22995_7895,35.46307941070787,127.34580276461432,0.040782128,낮음,"동결·융해 반복, 보수 후 장기 경과",378,28.16,28.160000000000007,7.0,0.0,3650.0
2026-01-03,22996_7892,35.44960474308301,127.35134062214144,0.040782128,낮음,"동결·융해 반복, 보수 후 장기 경과",379,28.16,28.160000000000007,7.0,0.0,3650.0
2026-01-03,22996_7876,35.377739849083724,127.35134062214144,0.040782128,낮음,"동결·융해 반복, 보수 후 장기 경과",380,28.16,28.160000000000007,7.0,0.0,3650.0
2026-01-03,23017_7885,35.41816385195832,127.46763563021071,0.040782128,낮음,"동결·융해 반복, 보수 후 장기 경과",381,28.16,28.160000000000007,7.0,0.0,3650.0
2026-01-03,23007_7890,35.440621631333094,127.41225705493962,0.040782128,낮음,"동결·융해 반복, 보수 후 장기 경과",382,28.16,28.160000000000007,7.0,0.0,3650.0
2026-01-03,23011_7895,35.46307941070787,127.43440848504805,0.040782128,낮음,"동결·융해 반복, 보수 후 장기 경과",383,28.16,28.160000000000007,7.0,0.0,3650.0
2026-01-03,23012_7873,35.364265181458855,127.43994634257515,0.040782128,낮음,"동결·융해 반복, 보수 후 장기 경과",384,28.16,28.160000000000007,7.0,0.0,3650.0
2026-01-03,23012_7874,35.36875673733381,127.43994634257515,0.040782128,낮음,"동결·융해 반복, 보수 후 장기 경과",385,28.16,28.160000000000007,7.0,0.0,3650.0
2026-01-03,23012_7884,35.41367229608336,127.43994634257515,0.040782128,낮음,"동결·융해 반복, 보수 후 장기 경과",386,28.16,28.160000000000007,7.0,0.0,3650.0
2026-01-03,23012_7896,35.46757096658283,127.43994634257515,0.040782128,낮음,"동결·융해 반복, 보수 후 장기 경과",387,28.16,28.160000000000007,7.0,0.0,3650.0
2026-01-03,23013_7872,35.359773625583905,127.44548420010227,0.040782128,낮음,"동결·융해 반복, 보수 후 장기 경과",388,28.16,28.160000000000007,7.0,0.0,3650.0
2026-01-03,23013_7873,35.364265181458855,127.44548420010227,0.040782128,낮음,"동결·융해 반복, 보수 후 장기 경과",389,28.16,28.160000000000007,7.0,0.0,3650.0
2026-01-03,23013_7885,35.41816385195832,127.44548420010227,0.040782128,낮음,"동결·융해 반복, 보수 후 장기 경과",390,28.16,28.160000000000007,7.0,0.0,3650.0
2026-01-03,23013_7896,35.46757096658283,127.44548420010227,0.040782128,낮음,"동결·융해 반복, 보수 후 장기 경과",391,28.16,28.160000000000007,7.0,0.0,3650.0
2026-01-03,23013_7897,35.47206252245778,127.44548420010227,0.040782128,낮음,"동결·융해 반복, 보수 후 장기 경과",392,28.16,28.160000000000007,7.0,0.0,3650.0
2026-01-03,23014_7885,35.41816385195832,127.45102205762937,0.040782128,낮음,"동결·융해 반복, 보수 후 장기 경과",393,28.16,28.160000000000007,7.0,0.0,3650.0
2026-01-03,23015_7884,35.41367229608336,127.45655991515649,0.040782128,낮음,"동결·융해 반복, 보수 후 장기 경과",394,28.16,28.160000000000007,7.0,0.0,3650.0
2026-01-03,23016_7885,35.41816385195832,127.46209777268359,0.040782128,낮음,"동결·융해 반복, 보수 후 장기 경과",395,28.16,28.160000000000007,7.0,0.0,3650.0
2026-01-03,23008_7878,35.38672296083363,127.41779491246673,0.040782128,낮음,"동결·융해 반복, 보수 후 장기 경과",396,28.16,28.160000000000007,7.0,0.0,3650.0
2026-01-03,23008_7879,35.39121451670859,127.41779491246673,0.040782128,낮음,"동결·융해 반복, 보수 후 장기 경과",397,28.16,28.160000000000007,7.0,0.0,3650.0
2026-01-03,22929_8008,35.970625224577795,126.98030416782518,0.03319117,낮음,"동결·융해 반복, 보수 후 장기 경과",398,25.57,28.999999999999993,6.0,0.0,3650.0
2026-01-03,22929_8003,35.94816744520302,126.98030416782518,0.03319117,낮음,"동결·융해 반복, 보수 후 장기 경과",399,25.57,28.999999999999993,6.0,0.0,3650.0
2026-01-03,22932_7994,35.907743442328425,126.99691774040652,0.03319117,낮음,"동결·융해 반복, 보수 후 장기 경과",400,25.57,28.999999999999993,6.0,0.0,3650.0
2026-01-03,22932_8003,35.94816744520302,126.99691774040652,0.03319117,낮음,"동결·융해 반복, 보수 후 장기 경과",401,25.57,28.999999999999993,6.0,0.0,3650.0
2026-01-03,22933_7993,35.90325188645347,127.00245559793362,0.03319117,낮음,"동결·융해 반복, 보수 후 장기 경과",402,25.57,28.999999999999993,6.0,0.0,3650.0
2026-01-03,22933_8003,35.94816744520302,127.00245559793362,0.03319117,낮음,"동결·융해 반복, 보수 후 장기 경과",403,25.57,28.999999999999993,6.0,0.0,3650.0
2026-01-03,22933_8013,35.99308300395257,127.00245559793362,0.03319117,낮음,"동결·융해 반복, 보수 후 장기 경과",404,25.57,28.999999999999993,6.0,0.0,3650.0
2026-01-03,22925_8013,35.99308300395257,126.95815273771676,0.03319117,낮음,"동결·융해 반복, 보수 후 장기 경과",405,25.57,28.999999999999993,6.0,0.0,3650.0
2026-01-03,22931_8010,35.9796083363277,126.9913798828794,0.03319117,낮음,"동결·융해 반복, 보수 후 장기 경과",406,25.57,28.999999999999993,6.0,0.0,3650.0
2026-01-03,22931_8011,35.98409989220266,126.9913798828794,0.03319117,낮음,"동결·융해 반복, 보수 후 장기 경과",407,25.57,28.999999999999993,6.0,0.0,3650.0
2026-01-03,22925_8014,35.99757455982753,126.95815273771676,0.03319117,낮음,"동결·융해 반복, 보수 후 장기 경과",408,25.57,28.999999999999993,6.0,0.0,3650.0
2026-01-03,22925_8015,36.002066115702476,126.95815273771676,0.03319117,낮음,"동결·융해 반복, 보수 후 장기 경과",409,25.57,28.999999999999993,6.0,0.0,3650.0
2026-01-03,22931_7995,35.91223499820338,126.9913798828794,0.03319117,낮음,"동결·융해 반복, 보수 후 장기 경과",410,25.57,28.999999999999993,6.0,0.0,3650.0
2026-01-03,22938_8003,35.94816744520302,127.03014488556916,0.03319117,낮음,"동결·융해 반복, 보수 후 장기 경과",411,25.57,28.999999999999993,6.0,0.0,3650.0
2026-01-03,22933_8014,35.99757455982753,127.00245559793362,0.03319117,낮음,"동결·융해 반복, 보수 후 장기 경과",412,25.57,28.999999999999993,6.0,0.0,3650.0
2026-01-03,22939_8003,35.94816744520302,127.03568274309627,0.03319117,낮음,"동결·융해 반복, 보수 후 장기 경과",413,25.57,28.999999999999993,6.0,0.0,3650.0
2026-01-03,22934_7992,35.89876033057851,127.00799345546073,0.03319117,낮음,"동결·융해 반복, 보수 후 장기 경과",414,25.57,28.999999999999993,6.0,0.0,3650.0
2026-01-03,22934_7991,35.894268774703555,127.00799345546073,0.03319117,낮음,"동결·융해 반복, 보수 후 장기 경과",415,25.57,28.999999999999993,6.0,0.0,3650.0
2026-01-03,22928_8007,35.96613366870284,126.97476631029808,0.03319117,낮음,"동결·융해 반복, 보수 후 장기 경과",416,25.57,28.999999999999993,6.0,0.0,3650.0
2026-01-03,22936_8003,35.94816744520302,127.01906917051494,0.03319117,낮음,"동결·융해 반복, 보수 후 장기 경과",417,25.57,28.999999999999993,6.0,0.0,3650.0
2026-01-03,22930_7997,35.92121810995329,126.9858420253523,0.03319117,낮음,"동결·융해 반복, 보수 후 장기 경과",418,25.57,28.999999999999993,6.0,0.0,3650.0
2026-01-03,22930_8003,35.94816744520302,126.9858420253523,0.03319117,낮음,"동결·융해 반복, 보수 후 장기 경과",419,25.57,28.999999999999993,6.0,0.0,3650.0
2026-01-03,22930_8009,35.97511678045275,126.9858420253523,0.03319117,낮음,"동결·융해 반복, 보수 후 장기 경과",420,25.57,28.999999999999993,6.0,0.0,3650.0
2026-01-03,22934_8015,36.002066115702476,127.00799345546073,0.03319117,낮음,"동결·융해 반복, 보수 후 장기 경과",421,25.57,28.999999999999993,6.0,0.0,3650.0
2026-01-03,22929_7998,35.92570966582824,126.98030416782518,0.03319117,낮음,"동결·융해 반복, 보수 후 장기 경과",422,25.57,28.999999999999993,6.0,0.0,3650.0
2026-01-03,22928_8000,35.93469277757816,126.97476631029808,0.03319117,낮음,"동결·융해 반복, 보수 후 장기 경과",423,25.57,28.999999999999993,6.0,0.0,3650.0
2026-01-03,22935_7990,35.889777218828605,127.01353131298784,0.03319117,낮음,"동결·융해 반복, 보수 후 장기 경과",424,25.57,28.999999999999993,6.0,0.0,3650.0
2026-01-03,22934_8003,35.94816744520302,127.00799345546073,0.03319117,낮음,"동결·융해 반복, 보수 후 장기 경과",425,25.57,28.999999999999993,6.0,0.0,3650.0
2026-01-03,22935_8016,36.00655767157743,127.01353131298784,0.03319117,낮음,"동결·융해 반복, 보수 후 장기 경과",426,25.57,28.999999999999993,6.0,0.0,3650.0
2026-01-03,22935_8003,35.94816744520302,127.01353131298784,0.03319117,낮음,"동결·융해 반복, 보수 후 장기 경과",427,25.57,28.999999999999993,6.0,0.0,3650.0
2026-01-03,22934_8014,35.99757455982753,127.00799345546073,0.03319117,낮음,"동결·융해 반복, 보수 후 장기 경과",428,25.57,28.999999999999993,6.0,0.0,3650.0
2026-01-03,22915_8016,36.00655767157743,126.90277416244568,0.03319117,낮음,"동결·융해 반복, 보수 후 장기 경과",429,25.57,28.999999999999993,6.0,0.0,3650.0
2026-01-03,22916_7992,35.89876033057851,126.90831201997278,0.03319117,낮음,"동결·융해 반복, 보수 후 장기 경과",430,25.57,28.999999999999993,6.0,0.0,3650.0
2026-01-03,22916_7993,35.90325188645347,126.90831201997278,0.03319117,낮음,"동결·융해 반복, 보수 후 장기 경과",431,25.57,28.999999999999993,6.0,0.0,3650.0
2026-01-03,22923_8001,35.939184333453106,126.94707702266254,0.03319117,낮음,"동결·융해 반복, 보수 후 장기 경과",432,25.57,28.999999999999993,6.0,0.0,3650.0
2026-01-03,22923_8003,35.94816744520302,126.94707702266254,0.03319117,낮음,"동결·융해 반복, 보수 후 장기 경과",433,25.57,28.999999999999993,6.0,0.0,3650.0
2026-01-03,22923_8005,35.957150556952925,126.94707702266254,0.03319117,낮음,"동결·융해 반복, 보수 후 장기 경과",434,25.57,28.999999999999993,6.0,0.0,3650.0
2026-01-03,22923_8006,35.96164211282788,126.94707702266254,0.03319117,낮음,"동결·융해 반복, 보수 후 장기 경과",435,25.57,28.999999999999993,6.0,0.0,3650.0
2026-01-03,22924_8002,35.94367588932806,126.95261488018964,0.03319117,낮음,"동결·융해 반복, 보수 후 장기 경과",436,25.57,28.999999999999993,6.0,0.0,3650.0
2026-01-03,22924_8003,35.94816744520302,126.95261488018964,0.03319117,낮음,"동결·융해 반복, 보수 후 장기 경과",437,25.57,28.999999999999993,6.0,0.0,3650.0
2026-01-03,22924_8004,35.952659001077976,126.95261488018964,0.03319117,낮음,"동결·융해 반복, 보수 후 장기 경과",438,25.57,28.999999999999993,6.0,0.0,3650.0
2026-01-03,22925_7985,35.86731943945383,126.95815273771676,0.03319117,낮음,"동결·융해 반복, 보수 후 장기 경과",439,25.57,28.999999999999993,6.0,0.0,3650.0
2026-01-03,22925_7986,35.87181099532878,126.95815273771676,0.03319117,낮음,"동결·융해 반복, 보수 후 장기 경과",440,25.57,28.999999999999993,6.0,0.0,3650.0
2026-01-03,22925_7987,35.876302551203736,126.95815273771676,0.03319117,낮음,"동결·융해 반복, 보수 후 장기 경과",441,25.57,28.999999999999993,6.0,0.0,3650.0
2026-01-03,22925_7988,35.88079410707869,126.95815273771676,0.03319117,낮음,"동결·융해 반복, 보수 후 장기 경과",442,25.57,28.999999999999993,6.0,0.0,3650.0
2026-01-03,22925_7990,35.889777218828605,126.95815273771676,0.03319117,낮음,"동결·융해 반복, 보수 후 장기 경과",443,25.57,28.999999999999993,6.0,0.0,3650.0
2026-01-03,22925_7991,35.894268774703555,126.95815273771676,0.03319117,낮음,"동결·융해 반복, 보수 후 장기 경과",444,25.57,28.999999999999993,6.0,0.0,3650.0
2026-01-03,22922_8003,35.94816744520302,126.94153916513544,0.03319117,낮음,"동결·융해 반복, 보수 후 장기 경과",445,25.57,28.999999999999993,6.0,0.0,3650.0
2026-01-03,22918_8011,35.98409989220266,126.919387735027,0.03319117,낮음,"동결·융해 반복, 보수 후 장기 경과",446,25.57,28.999999999999993,6.0,0.0,3650.0
2026-01-03,22918_8012,35.988591448077614,126.919387735027,0.03319117,낮음,"동결·융해 반복, 보수 후 장기 경과",447,25.57,28.999999999999993,6.0,0.0,3650.0
2026-01-03,22922_8006,35.96164211282788,126.94153916513544,0.03319117,낮음,"동결·융해 반복, 보수 후 장기 경과",448,25.57,28.999999999999993,6.0,0.0,3650.0
2026-01-03,22922_7999,35.9302012217032,126.94153916513544,0.03319117,낮음,"동결·융해 반복, 보수 후 장기 경과",449,25.57,28.999999999999993,6.0,0.0,3650.0
2026-01-03,22925_7994,35.907743442328425,126.95815273771676,0.03319117,낮음,"동결·융해 반복, 보수 후 장기 경과",450,25.57,28.999999999999993,6.0,0.0,3650.0
2026-01-03,22925_7993,35.90325188645347,126.95815273771676,0.03319117,낮음,"동결·융해 반복, 보수 후 장기 경과",451,25.57,28.999999999999993,6.0,0.0,3650.0
2026-01-03,22925_8011,35.98409989220266,126.95815273771676,0.03319117,낮음,"동결·융해 반복, 보수 후 장기 경과",452,25.57,28.999999999999993,6.0,0.0,3650.0
2026-01-03,22925_8010,35.9796083363277,126.95815273771676,0.03319117,낮음,"동결·융해 반복, 보수 후 장기 경과",453,25.57,28.999999999999993,6.0,0.0,3650.0
2026-01-03,22925_7992,35.89876033057851,126.95815273771676,0.03319117,낮음,"동결·융해 반복, 보수 후 장기 경과",454,25.57,28.999999999999993,6.0,0.0,3650.0
2026-01-03,22925_8012,35.988591448077614,126.95815273771676,0.03319117,낮음,"동결·융해 반복, 보수 후 장기 경과",455,25.57,28.999999999999993,6.0,0.0,3650.0
2026-01-03,22925_8007,35.96613366870284,126.95815273771676,0.03319117,낮음,"동결·융해 반복, 보수 후 장기 경과",456,25.57,28.999999999999993,6.0,0.0,3650.0
2026-01-03,22925_8006,35.96164211282788,126.95815273771676,0.03319117,낮음,"동결·융해 반복, 보수 후 장기 경과",457,25.57,28.999999999999993,6.0,0.0,3650.0
2026-01-03,22925_8005,35.957150556952925,126.95815273771676,0.03319117,낮음,"동결·융해 반복, 보수 후 장기 경과",458,25.57,28.999999999999993,6.0,0.0,3650.0
2026-01-03,22925_8004,35.952659001077976,126.95815273771676,0.03319117,낮음,"동결·융해 반복, 보수 후 장기 경과",459,25.57,28.999999999999993,6.0,0.0,3650.0
2026-01-03,22925_8000,35.93469277757816,126.95815273771676,0.03319117,낮음,"동결·융해 반복, 보수 후 장기 경과",460,25.57,28.999999999999993,6.0,0.0,3650.0
2026-01-03,22925_7998,35.92570966582824,126.95815273771676,0.03319117,낮음,"동결·융해 반복, 보수 후 장기 경과",461,25.57,28.999999999999993,6.0,0.0,3650.0
2026-01-03,22925_8009,35.97511678045275,126.95815273771676,0.03319117,낮음,"동결·융해 반복, 보수 후 장기 경과",462,25.57,28.999999999999993,6.0,0.0,3650.0
2026-01-03,22925_8008,35.970625224577795,126.95815273771676,0.03319117,낮음,"동결·융해 반복, 보수 후 장기 경과",463,25.57,28.999999999999993,6.0,0.0,3650.0
2026-01-03,22925_7996,35.91672655407833,126.95815273771676,0.03319117,낮음,"동결·융해 반복, 보수 후 장기 경과",464,25.57,28.999999999999993,6.0,0.0,3650.0
2026-01-03,22925_7997,35.92121810995329,126.95815273771676,0.03319117,낮음,"동결·융해 반복, 보수 후 장기 경과",465,25.57,28.999999999999993,6.0,0.0,3650.0
2026-01-03,22925_7995,35.91223499820338,126.95815273771676,0.03319117,낮음,"동결·융해 반복, 보수 후 장기 경과",466,25.57,28.999999999999993,6.0,0.0,3650.0
2026-01-03,22928_7999,35.9302012217032,126.97476631029808,0.03319117,낮음,"동결·융해 반복, 보수 후 장기 경과",467,25.57,28.999999999999993,6.0,0.0,3650.0
2026-01-03,22927_8006,35.96164211282788,126.96922845277098,0.03319117,낮음,"동결·융해 반복, 보수 후 장기 경과",468,25.57,28.999999999999993,6.0,0.0,3650.0
2026-01-03,22927_8003,35.94816744520302,126.96922845277098,0.03319117,낮음,"동결·융해 반복, 보수 후 장기 경과",469,25.57,28.999999999999993,6.0,0.0,3650.0
2026-01-03,22927_8000,35.93469277757816,126.96922845277098,0.03319117,낮음,"동결·융해 반복, 보수 후 장기 경과",470,25.57,28.999999999999993,6.0,0.0,3650.0
2026-01-03,22926_8005,35.957150556952925,126.96369059524386,0.03319117,낮음,"동결·융해 반복, 보수 후 장기 경과",471,25.57,28.999999999999993,6.0,0.0,3650.0
2026-01-03,22926_8004,35.952659001077976,126.96369059524386,0.03319117,낮음,"동결·융해 반복, 보수 후 장기 경과",472,25.57,28.999999999999993,6.0,0.0,3650.0
2026-01-03,22926_8002,35.94367588932806,126.96369059524386,0.03319117,낮음,"동결·융해 반복, 보수 후 장기 경과",473,25.57,28.999999999999993,6.0,0.0,3650.0
2026-01-03,22926_8001,35.939184333453106,126.96369059524386,0.03319117,낮음,"동결·융해 반복, 보수 후 장기 경과",474,25.57,28.999999999999993,6.0,0.0,3650.0
2026-01-03,22925_8021,36.02901545095221,126.95815273771676,0.03319117,낮음,"동결·융해 반복, 보수 후 장기 경과",475,25.57,28.999999999999993,6.0,0.0,3650.0
2026-01-03,22925_8020,36.02452389507725,126.95815273771676,0.03319117,낮음,"동결·융해 반복, 보수 후 장기 경과",476,25.57,28.999999999999993,6.0,0.0,3650.0
2026-01-03,22925_8019,36.0200323392023,126.95815273771676,0.03319117,낮음,"동결·융해 반복, 보수 후 장기 경과",477,25.57,28.999999999999993,6.0,0.0,3650.0
2026-01-03,22925_8018,36.015540783327346,126.95815273771676,0.03319117,낮음,"동결·융해 반복, 보수 후 장기 경과",478,25.57,28.999999999999993,6.0,0.0,3650.0
2026-01-03,22925_8017,36.01104922745239,126.95815273771676,0.03319117,낮음,"동결·융해 반복, 보수 후 장기 경과",479,25.57,28.999999999999993,6.0,0.0,3650.0
2026-01-03,22918_7995,35.91223499820338,126.919387735027,0.03319117,낮음,"동결·융해 반복, 보수 후 장기 경과",480,25.57,28.999999999999993,6.0,0.0,3650.0
2026-01-03,22918_7994,35.907743442328425,126.919387735027,0.03319117,낮음,"동결·융해 반복, 보수 후 장기 경과",481,25.57,28.999999999999993,6.0,0.0,3650.0
2026-01-03,22916_8003,35.94816744520302,126.90831201997278,0.03319117,낮음,"동결·융해 반복, 보수 후 장기 경과",482,25.57,28.999999999999993,6.0,0.0,3650.0
2026-01-03,22917_8003,35.94816744520302,126.91384987749989,0.03319117,낮음,"동결·융해 반복, 보수 후 장기 경과",483,25.57,28.999999999999993,6.0,0.0,3650.0
2026-01-03,22917_8013,35.99308300395257,126.91384987749989,0.03319117,낮음,"동결·융해 반복, 보수 후 장기 경과",484,25.57,28.999999999999993,6.0,0.0,3650.0
2026-01-03,22911_8003,35.94816744520302,126.88062273233724,0.03319117,낮음,"동결·융해 반복, 보수 후 장기 경과",485,25.57,28.999999999999993,6.0,0.0,3650.0
2026-01-03,22914_8003,35.94816744520302,126.89723630491856,0.03319117,낮음,"동결·융해 반복, 보수 후 장기 경과",486,25.57,28.999999999999993,6.0,0.0,3650.0
2026-01-03,22912_8003,35.94816744520302,126.88616058986435,0.03319117,낮음,"동결·융해 반복, 보수 후 장기 경과",487,25.57,28.999999999999993,6.0,0.0,3650.0
2026-01-03,22921_7998,35.92570966582824,126.93600130760832,0.03319117,낮음,"동결·융해 반복, 보수 후 장기 경과",488,25.57,28.999999999999993,6.0,0.0,3650.0
2026-01-03,22921_8003,35.94816744520302,126.93600130760832,0.03319117,낮음,"동결·융해 반복, 보수 후 장기 경과",489,25.57,28.999999999999993,6.0,0.0,3650.0
2026-01-03,22920_8003,35.94816744520302,126.93046345008122,0.03319117,낮음,"동결·융해 반복, 보수 후 장기 경과",490,25.57,28.999999999999993,6.0,0.0,3650.0
2026-01-03,22920_8010,35.9796083363277,126.93046345008122,0.03319117,낮음,"동결·융해 반복, 보수 후 장기 경과",491,25.57,28.999999999999993,6.0,0.0,3650.0
2026-01-03,22920_7997,35.92121810995329,126.93046345008122,0.03319117,낮음,"동결·융해 반복, 보수 후 장기 경과",492,25.57,28.999999999999993,6.0,0.0,3650.0
2026-01-03,22919_8011,35.98409989220266,126.9249255925541,0.03319117,낮음,"동결·융해 반복, 보수 후 장기 경과",493,25.57,28.999999999999993,6.0,0.0,3650.0
2026-01-03,22919_8003,35.94816744520302,126.9249255925541,0.03319117,낮음,"동결·융해 반복, 보수 후 장기 경과",494,25.57,28.999999999999993,6.0,0.0,3650.0
2026-01-03,22919_7996,35.91672655407833,126.9249255925541,0.03319117,낮음,"동결·융해 반복, 보수 후 장기 경과",495,25.57,28.999999999999993,6.0,0.0,3650.0
2026-01-03,22921_8008,35.970625224577795,126.93600130760832,0.03319117,낮음,"동결·융해 반복, 보수 후 장기 경과",496,25.57,28.999999999999993,6.0,0.0,3650.0
2026-01-03,22921_8007,35.96613366870284,126.93600130760832,0.03319117,낮음,"동결·융해 반복, 보수 후 장기 경과",497,25.57,28.999999999999993,6.0,0.0,3650.0
2026-01-03,22915_8003,35.94816744520302,126.90277416244568,0.03319117,낮음,"동결·융해 반복, 보수 후 장기 경과",498,25.57,28.999999999999993,6.0,0.0,3650.0
2026-01-03,22915_8015,36.002066115702476,126.90277416244568,0.03319117,낮음,"동결·융해 반복, 보수 후 장기 경과",499,25.57,28.999999999999993,6.0,0.0,3650.0
2026-01-03,22921_8009,35.97511678045275,126.93600130760832,0.03319117,낮음,"동결·융해 반복, 보수 후 장기 경과",500,25.57,28.999999999999993,6.0,0.0,3650.0
2026-01-03,22906_7936,35.64723320158103,126.8529334447017,0.028140955,낮음,"동결·융해 반복, 보수 후 장기 경과",501,24.29999999999999,24.299999999999997,7.0,0.0,3650.0
2026-01-03,22906_7928,35.611300754581386,126.8529334447017,0.028140955,낮음,"동결·융해 반복, 보수 후 장기 경과",502,24.29999999999999,24.299999999999997,7.0,0.0,3650.0
2026-01-03,22906_7933,35.63375853395616,126.8529334447017,0.028140955,낮음,"동결·융해 반복, 보수 후 장기 경과",503,24.29999999999999,24.299999999999997,7.0,0.0,3650.0
2026-01-03,22906_7920,35.57536830758175,126.8529334447017,0.028140955,낮음,"동결·융해 반복, 보수 후 장기 경과",504,24.29999999999999,24.299999999999997,7.0,0.0,3650.0
2026-01-03,22906_7921,35.579859863456704,126.8529334447017,0.028140955,낮음,"동결·융해 반복, 보수 후 장기 경과",505,24.29999999999999,24.299999999999997,7.0,0.0,3650.0
2026-01-03,22906_7922,35.584351419331654,126.8529334447017,0.028140955,낮음,"동결·융해 반복, 보수 후 장기 경과",506,24.29999999999999,24.299999999999997,7.0,0.0,3650.0
2026-01-03,22896_7907,35.51697808120733,126.79755486943063,0.028140955,낮음,"동결·융해 반복, 보수 후 장기 경과",507,24.29999999999999,24.299999999999997,7.0,0.0,3650.0
2026-01-03,22896_7919,35.57087675170679,126.79755486943063,0.028140955,낮음,"동결·융해 반복, 보수 후 장기 경과",508,24.29999999999999,24.299999999999997,7.0,0.0,3650.0
2026-01-03,22896_7931,35.624775422206255,126.79755486943063,0.028140955,낮음,"동결·융해 반복, 보수 후 장기 경과",509,24.29999999999999,24.299999999999997,7.0,0.0,3650.0
2026-01-03,22897_7907,35.51697808120733,126.80309272695773,0.028140955,낮음,"동결·융해 반복, 보수 후 장기 경과",510,24.29999999999999,24.299999999999997,7.0,0.0,3650.0
2026-01-03,22906_7919,35.57087675170679,126.8529334447017,0.028140955,낮음,"동결·융해 반복, 보수 후 장기 경과",511,24.29999999999999,24.299999999999997,7.0,0.0,3650.0
2026-01-03,22901_7912,35.5394358605821,126.82524415706617,0.028140955,낮음,"동결·융해 반복, 보수 후 장기 경과",512,24.29999999999999,24.299999999999997,7.0,0.0,3650.0
2026-01-03,22903_7924,35.59333453108157,126.83631987212038,0.028140955,낮음,"동결·융해 반복, 보수 후 장기 경과",513,24.29999999999999,24.299999999999997,7.0,0.0,3650.0
2026-01-03,22905_7917,35.56189363995688,126.84739558717459,0.028140955,낮음,"동결·융해 반복, 보수 후 장기 경과",514,24.29999999999999,24.299999999999997,7.0,0.0,3650.0
2026-01-03,22905_7919,35.57087675170679,126.84739558717459,0.028140955,낮음,"동결·융해 반복, 보수 후 장기 경과",515,24.29999999999999,24.299999999999997,7.0,0.0,3650.0
2026-01-03,22905_7921,35.579859863456704,126.84739558717459,0.028140955,낮음,"동결·융해 반복, 보수 후 장기 경과",516,24.29999999999999,24.299999999999997,7.0,0.0,3650.0
2026-01-03,22906_7901,35.4900287459576,126.8529334447017,0.028140955,낮음,"동결·융해 반복, 보수 후 장기 경과",517,24.29999999999999,24.299999999999997,7.0,0.0,3650.0
2026-01-03,22906_7903,35.49901185770751,126.8529334447017,0.028140955,낮음,"동결·융해 반복, 보수 후 장기 경과",518,24.29999999999999,24.299999999999997,7.0,0.0,3650.0
2026-01-03,22898_7908,35.521469637082284,126.80863058448483,0.028140955,낮음,"동결·융해 반복, 보수 후 장기 경과",519,24.29999999999999,24.299999999999997,7.0,0.0,3650.0
2026-01-03,22898_7919,35.57087675170679,126.80863058448483,0.028140955,낮음,"동결·융해 반복, 보수 후 장기 경과",520,24.29999999999999,24.299999999999997,7.0,0.0,3650.0
2026-01-03,22899_7909,35.52596119295724,126.81416844201195,0.028140955,낮음,"동결·융해 반복, 보수 후 장기 경과",521,24.29999999999999,24.299999999999997,7.0,0.0,3650.0
2026-01-03,22899_7910,35.5304527488322,126.81416844201195,0.028140955,낮음,"동결·융해 반복, 보수 후 장기 경과",522,24.29999999999999,24.299999999999997,7.0,0.0,3650.0
2026-01-03,22899_7919,35.57087675170679,126.81416844201195,0.028140955,낮음,"동결·융해 반복, 보수 후 장기 경과",523,24.29999999999999,24.299999999999997,7.0,0.0,3650.0
2026-01-03,22899_7927,35.60680919870643,126.81416844201195,0.028140955,낮음,"동결·융해 반복, 보수 후 장기 경과",524,24.29999999999999,24.299999999999997,7.0,0.0,3650.0
2026-01-03,22900_7911,35.53494430470715,126.81970629953905,0.028140955,낮음,"동결·융해 반복, 보수 후 장기 경과",525,24.29999999999999,24.299999999999997,7.0,0.0,3650.0
2026-01-03,22903_7914,35.548418972332016,126.83631987212038,0.028140955,낮음,"동결·융해 반복, 보수 후 장기 경과",526,24.29999999999999,24.299999999999997,7.0,0.0,3650.0
2026-01-03,22903_7919,35.57087675170679,126.83631987212038,0.028140955,낮음,"동결·융해 반복, 보수 후 장기 경과",527,24.29999999999999,24.299999999999997,7.0,0.0,3650.0
2026-01-03,22903_7923,35.58884297520661,126.83631987212038,0.028140955,낮음,"동결·융해 반복, 보수 후 장기 경과",528,24.29999999999999,24.299999999999997,7.0,0.0,3650.0
2026-01-03,22900_7927,35.60680919870643,126.81970629953905,0.028140955,낮음,"동결·융해 반복, 보수 후 장기 경과",529,24.29999999999999,24.299999999999997,7.0,0.0,3650.0
2026-01-03,22900_7919,35.57087675170679,126.81970629953905,0.028140955,낮음,"동결·융해 반복, 보수 후 장기 경과",530,24.29999999999999,24.299999999999997,7.0,0.0,3650.0
2026-01-03,22906_7927,35.60680919870643,126.8529334447017,0.028140955,낮음,"동결·융해 반복, 보수 후 장기 경과",531,24.29999999999999,24.299999999999997,7.0,0.0,3650.0
2026-01-03,22906_7926,35.60231764283148,126.8529334447017,0.028140955,낮음,"동결·융해 반복, 보수 후 장기 경과",532,24.29999999999999,24.299999999999997,7.0,0.0,3650.0
2026-01-03,22902_7913,35.54392741645706,126.83078201459327,0.028140955,낮음,"동결·융해 반복, 보수 후 장기 경과",533,24.29999999999999,24.299999999999997,7.0,0.0,3650.0
2026-01-03,22907_7902,35.49452030183255,126.8584713022288,0.028140955,낮음,"동결·융해 반복, 보수 후 장기 경과",534,24.29999999999999,24.299999999999997,7.0,0.0,3650.0
2026-01-03,22901_7926,35.60231764283148,126.82524415706617,0.028140955,낮음,"동결·융해 반복, 보수 후 장기 경과",535,24.29999999999999,24.299999999999997,7.0,0.0,3650.0
2026-01-03,22897_7919,35.57087675170679,126.80309272695773,0.028140955,낮음,"동결·융해 반복, 보수 후 장기 경과",536,24.29999999999999,24.299999999999997,7.0,0.0,3650.0
2026-01-03,22902_7924,35.59333453108157,126.83078201459327,0.028140955,낮음,"동결·융해 반복, 보수 후 장기 경과",537,24.29999999999999,24.299999999999997,7.0,0.0,3650.0
2026-01-03,22902_7919,35.57087675170679,126.83078201459327,0.028140955,낮음,"동결·융해 반복, 보수 후 장기 경과",538,24.29999999999999,24.299999999999997,7.0,0.0,3650.0
2026-01-03,22897_7930,35.6202838663313,126.80309272695773,0.028140955,낮음,"동결·융해 반복, 보수 후 장기 경과",539,24.29999999999999,24.299999999999997,7.0,0.0,3650.0
2026-01-03,22893_7919,35.57087675170679,126.78094129684929,0.028140955,낮음,"동결·융해 반복, 보수 후 장기 경과",540,24.29999999999999,24.299999999999997,7.0,0.0,3650.0
2026-01-03,22892_7919,35.57087675170679,126.77540343932219,0.028140955,낮음,"동결·융해 반복, 보수 후 장기 경과",541,24.29999999999999,24.299999999999997,7.0,0.0,3650.0
2026-01-03,22897_7931,35.624775422206255,126.80309272695773,0.028140955,낮음,"동결·융해 반복, 보수 후 장기 경과",542,24.29999999999999,24.299999999999997,7.0,0.0,3650.0
2026-01-03,22894_7919,35.57087675170679,126.78647915437641,0.028140955,낮음,"동결·융해 반복, 보수 후 장기 경과",543,24.29999999999999,24.299999999999997,7.0,0.0,3650.0
2026-01-03,22906_7917,35.56189363995688,126.8529334447017,0.028140955,낮음,"동결·융해 반복, 보수 후 장기 경과",544,24.29999999999999,24.299999999999997,7.0,0.0,3650.0
2026-01-03,22906_7912,35.5394358605821,126.8529334447017,0.028140955,낮음,"동결·융해 반복, 보수 후 장기 경과",545,24.29999999999999,24.299999999999997,7.0,0.0,3650.0
2026-01-03,22906_7904,35.503503413582465,126.8529334447017,0.028140955,낮음,"동결·융해 반복, 보수 후 장기 경과",546,24.29999999999999,24.299999999999997,7.0,0.0,3650.0
2026-01-03,22906_7908,35.521469637082284,126.8529334447017,0.028140955,낮음,"동결·융해 반복, 보수 후 장기 경과",547,24.29999999999999,24.299999999999997,7.0,0.0,3650.0
2026-01-03,22906_7910,35.5304527488322,126.8529334447017,0.028140955,낮음,"동결·융해 반복, 보수 후 장기 경과",548,24.29999999999999,24.299999999999997,7.0,0.0,3650.0
2026-01-03,22906_7918,35.566385195831835,126.8529334447017,0.028140955,낮음,"동결·융해 반복, 보수 후 장기 경과",549,24.29999999999999,24.299999999999997,7.0,0.0,3650.0
2026-01-03,22895_7919,35.57087675170679,126.79201701190351,0.028140955,낮음,"동결·융해 반복, 보수 후 장기 경과",550,24.29999999999999,24.299999999999997,7.0,0.0,3650.0
2026-01-03,22901_7919,35.57087675170679,126.82524415706617,0.028140955,낮음,"동결·융해 반복, 보수 후 장기 경과",551,24.29999999999999,24.299999999999997,7.0,0.0,3650.0
2026-01-03,22907_7917,35.56189363995688,126.8584713022288,0.028140955,낮음,"동결·융해 반복, 보수 후 장기 경과",552,24.29999999999999,24.299999999999997,7.0,0.0,3650.0
2026-01-03,22907_7922,35.584351419331654,126.8584713022288,0.028140955,낮음,"동결·융해 반복, 보수 후 장기 경과",553,24.29999999999999,24.299999999999997,7.0,0.0,3650.0
2026-01-03,22907_7919,35.57087675170679,126.8584713022288,0.028140955,낮음,"동결·융해 반복, 보수 후 장기 경과",554,24.29999999999999,24.299999999999997,7.0,0.0,3650.0
2026-01-03,22907_7918,35.566385195831835,126.8584713022288,0.028140955,낮음,"동결·융해 반복, 보수 후 장기 경과",555,24.29999999999999,24.299999999999997,7.0,0.0,3650.0
2026-01-03,22907_7924,35.59333453108157,126.8584713022288,0.028140955,낮음,"동결·융해 반복, 보수 후 장기 경과",556,24.29999999999999,24.299999999999997,7.0,0.0,3650.0
2026-01-03,22907_7925,35.59782608695652,126.8584713022288,0.028140955,낮음,"동결·융해 반복, 보수 후 장기 경과",557,24.29999999999999,24.299999999999997,7.0,0.0,3650.0
2026-01-03,22907_7930,35.6202838663313,126.8584713022288,0.028140955,낮음,"동결·융해 반복, 보수 후 장기 경과",558,24.29999999999999,24.299999999999997,7.0,0.0,3650.0
2026-01-03,22907_7929,35.61579231045634,126.8584713022288,0.028140955,낮음,"동결·융해 반복, 보수 후 장기 경과",559,24.29999999999999,24.299999999999997,7.0,0.0,3650.0
2026-01-03,22919_7919,35.57087675170679,126.9249255925541,0.028140955,낮음,"동결·융해 반복, 보수 후 장기 경과",560,24.29999999999999,24.299999999999997,7.0,0.0,3650.0
2026-01-03,22907_7916,35.55740208408193,126.8584713022288,0.028140955,낮음,"동결·융해 반복, 보수 후 장기 경과",561,24.29999999999999,24.299999999999997,7.0,0.0,3650.0
2026-01-03,22907_7915,35.55291052820697,126.8584713022288,0.028140955,낮음,"동결·융해 반복, 보수 후 장기 경과",562,24.29999999999999,24.299999999999997,7.0,0.0,3650.0
2026-01-03,22907_7905,35.50799496945742,126.8584713022288,0.028140955,낮음,"동결·융해 반복, 보수 후 장기 경과",563,24.29999999999999,24.299999999999997,7.0,0.0,3650.0
2026-01-03,22907_7914,35.548418972332016,126.8584713022288,0.028140955,낮음,"동결·융해 반복, 보수 후 장기 경과",564,24.29999999999999,24.299999999999997,7.0,0.0,3650.0
2026-01-03,22907_7909,35.52596119295724,126.8584713022288,0.028140955,낮음,"동결·융해 반복, 보수 후 장기 경과",565,24.29999999999999,24.299999999999997,7.0,0.0,3650.0
2026-01-03,22907_7910,35.5304527488322,126.8584713022288,0.028140955,낮음,"동결·융해 반복, 보수 후 장기 경과",566,24.29999999999999,24.299999999999997,7.0,0.0,3650.0
2026-01-03,22907_7913,35.54392741645706,126.8584713022288,0.028140955,낮음,"동결·융해 반복, 보수 후 장기 경과",567,24.29999999999999,24.299999999999997,7.0,0.0,3650.0
2026-01-03,22917_7931,35.624775422206255,126.91384987749989,0.028140955,낮음,"동결·융해 반복, 보수 후 장기 경과",568,24.29999999999999,24.299999999999997,7.0,0.0,3650.0
2026-01-03,22917_7919,35.57087675170679,126.91384987749989,0.028140955,낮음,"동결·융해 반복, 보수 후 장기 경과",569,24.29999999999999,24.299999999999997,7.0,0.0,3650.0
2026-01-03,22917_7906,35.51248652533238,126.91384987749989,0.028140955,낮음,"동결·융해 반복, 보수 후 장기 경과",570,24.29999999999999,24.299999999999997,7.0,0.0,3650.0
2026-01-03,22916_7919,35.57087675170679,126.90831201997278,0.028140955,낮음,"동결·융해 반복, 보수 후 장기 경과",571,24.29999999999999,24.299999999999997,7.0,0.0,3650.0
2026-01-03,22918_7919,35.57087675170679,126.919387735027,0.028140955,낮음,"동결·융해 반복, 보수 후 장기 경과",572,24.29999999999999,24.299999999999997,7.0,0.0,3650.0
2026-01-03,22921_7919,35.57087675170679,126.93600130760832,0.028140955,낮음,"동결·융해 반복, 보수 후 장기 경과",573,24.29999999999999,24.299999999999997,7.0,0.0,3650.0
2026-01-03,22920_7919,35.57087675170679,126.93046345008122,0.028140955,낮음,"동결·융해 반복, 보수 후 장기 경과",574,24.29999999999999,24.299999999999997,7.0,0.0,3650.0
2026-01-03,22916_7931,35.624775422206255,126.90831201997278,0.028140955,낮음,"동결·융해 반복, 보수 후 장기 경과",575,24.29999999999999,24.299999999999997,7.0,0.0,3650.0
2026-01-03,22912_7919,35.57087675170679,126.88616058986435,0.028140955,낮음,"동결·융해 반복, 보수 후 장기 경과",576,24.29999999999999,24.299999999999997,7.0,0.0,3650.0
2026-01-03,22912_7912,35.5394358605821,126.88616058986435,0.028140955,낮음,"동결·융해 반복, 보수 후 장기 경과",577,24.29999999999999,24.299999999999997,7.0,0.0,3650.0
2026-01-03,22912_7911,35.53494430470715,126.88616058986435,0.028140955,낮음,"동결·융해 반복, 보수 후 장기 경과",578,24.29999999999999,24.299999999999997,7.0,0.0,3650.0
2026-01-03,22913_7911,35.53494430470715,126.89169844739146,0.028140955,낮음,"동결·융해 반복, 보수 후 장기 경과",579,24.29999999999999,24.299999999999997,7.0,0.0,3650.0
2026-01-03,22913_7926,35.60231764283148,126.89169844739146,0.028140955,낮음,"동결·융해 반복, 보수 후 장기 경과",580,24.29999999999999,24.299999999999997,7.0,0.0,3650.0
2026-01-03,22913_7927,35.60680919870643,126.89169844739146,0.028140955,낮음,"동결·융해 반복, 보수 후 장기 경과",581,24.29999999999999,24.299999999999997,7.0,0.0,3650.0
2026-01-03,22914_7909,35.52596119295724,126.89723630491856,0.028140955,낮음,"동결·융해 반복, 보수 후 장기 경과",582,24.29999999999999,24.299999999999997,7.0,0.0,3650.0
2026-01-03,22912_7925,35.59782608695652,126.88616058986435,0.028140955,낮음,"동결·융해 반복, 보수 후 장기 경과",583,24.29999999999999,24.299999999999997,7.0,0.0,3650.0
2026-01-03,22914_7910,35.5304527488322,126.89723630491856,0.028140955,낮음,"동결·융해 반복, 보수 후 장기 경과",584,24.29999999999999,24.299999999999997,7.0,0.0,3650.0
2026-01-03,22914_7919,35.57087675170679,126.89723630491856,0.028140955,낮음,"동결·융해 반복, 보수 후 장기 경과",585,24.29999999999999,24.299999999999997,7.0,0.0,3650.0
2026-01-03,22915_7908,35.521469637082284,126.90277416244568,0.028140955,낮음,"동결·융해 반복, 보수 후 장기 경과",586,24.29999999999999,24.299999999999997,7.0,0.0,3650.0
2026-01-03,22915_7919,35.57087675170679,126.90277416244568,0.028140955,낮음,"동결·융해 반복, 보수 후 장기 경과",587,24.29999999999999,24.299999999999997,7.0,0.0,3650.0
2026-01-03,22915_7930,35.6202838663313,126.90277416244568,0.028140955,낮음,"동결·융해 반복, 보수 후 장기 경과",588,24.29999999999999,24.299999999999997,7.0,0.0,3650.0
2026-01-03,22907_7936,35.64723320158103,126.8584713022288,0.028140955,낮음,"동결·융해 반복, 보수 후 장기 경과",589,24.29999999999999,24.299999999999997,7.0,0.0,3650.0
2026-01-03,22908_7917,35.56189363995688,126.86400915975592,0.028140955,낮음,"동결·융해 반복, 보수 후 장기 경과",590,24.29999999999999,24.299999999999997,7.0,0.0,3650.0
2026-01-03,22913_7919,35.57087675170679,126.89169844739146,0.028140955,낮음,"동결·융해 반복, 보수 후 장기 경과",591,24.29999999999999,24.299999999999997,7.0,0.0,3650.0
2026-01-03,22908_7919,35.57087675170679,126.86400915975592,0.028140955,낮음,"동결·융해 반복, 보수 후 장기 경과",592,24.29999999999999,24.299999999999997,7.0,0.0,3650.0
2026-01-03,22908_7920,35.57536830758175,126.86400915975592,0.028140955,낮음,"동결·융해 반복, 보수 후 장기 경과",593,24.29999999999999,24.299999999999997,7.0,0.0,3650.0
2026-01-03,22909_7919,35.57087675170679,126.86954701728303,0.028140955,낮음,"동결·융해 반복, 보수 후 장기 경과",594,24.29999999999999,24.299999999999997,7.0,0.0,3650.0
2026-01-03,22908_7921,35.579859863456704,126.86400915975592,0.028140955,낮음,"동결·융해 반복, 보수 후 장기 경과",595,24.29999999999999,24.299999999999997,7.0,0.0,3650.0
2026-01-03,22909_7922,35.584351419331654,126.86954701728303,0.028140955,낮음,"동결·융해 반복, 보수 후 장기 경과",596,24.29999999999999,24.299999999999997,7.0,0.0,3650.0
2026-01-03,22910_7914,35.548418972332016,126.87508487481013,0.028140955,낮음,"동결·융해 반복, 보수 후 장기 경과",597,24.29999999999999,24.299999999999997,7.0,0.0,3650.0
2026-01-03,22910_7919,35.57087675170679,126.87508487481013,0.028140955,낮음,"동결·융해 반복, 보수 후 장기 경과",598,24.29999999999999,24.299999999999997,7.0,0.0,3650.0
2026-01-03,22909_7921,35.579859863456704,126.86954701728303,0.028140955,낮음,"동결·융해 반복, 보수 후 장기 경과",599,24.29999999999999,24.299999999999997,7.0,0.0,3650.0
2026-01-03,22910_7923,35.58884297520661,126.87508487481013,0.028140955,낮음,"동결·융해 반복, 보수 후 장기 경과",600,24.29999999999999,24.299999999999997,7.0,0.0,3650.0
2026-01-03,22910_7924,35.59333453108157,126.87508487481013,0.028140955,낮음,"동결·융해 반복, 보수 후 장기 경과",601,24.29999999999999,24.299999999999997,7.0,0.0,3650.0
2026-01-03,22911_7914,35.548418972332016,126.88062273233724,0.028140955,낮음,"동결·융해 반복, 보수 후 장기 경과",602,24.29999999999999,24.299999999999997,7.0,0.0,3650.0
2026-01-03,22911_7913,35.54392741645706,126.88062273233724,0.028140955,낮음,"동결·융해 반복, 보수 후 장기 경과",603,24.29999999999999,24.299999999999997,7.0,0.0,3650.0
2026-01-03,22911_7919,35.57087675170679,126.88062273233724,0.028140955,낮음,"동결·융해 반복, 보수 후 장기 경과",604,24.29999999999999,24.299999999999997,7.0,0.0,3650.0
2026-01-03,22907_7931,35.624775422206255,126.8584713022288,0.028140955,낮음,"동결·융해 반복, 보수 후 장기 경과",605,24.29999999999999,24.299999999999997,7.0,0.0,3650.0
2026-01-03,22907_7932,35.629266978081205,126.8584713022288,0.028140955,낮음,"동결·융해 반복, 보수 후 장기 경과",606,24.29999999999999,24.299999999999997,7.0,0.0,3650.0
2026-01-03,22907_7934,35.63825008983112,126.8584713022288,0.028140955,낮음,"동결·융해 반복, 보수 후 장기 경과",607,24.29999999999999,24.299999999999997,7.0,0.0,3650.0
